Base_Pct,Search_Cap_bps,Sentiment_Cap_bps,Friction_Min_Pct,Friction_Mean_Pct,Friction_Max_Pct,Trapped_US_B,Trapped_DK_B,Gap_B,Vs_Empirical_B,Share_Explained_Pct,CPR_R2,CPR_RMSE,CPR_R2_Smooth,CPR_RMSE_Smooth
9.0,400.0,300.0,10.599761024617864,12.162905653971825,14.24461976229451,265.5025456990129,-663.405404897195,928.9079505962079,-499.2457075236873,34.71764003123478,-3.498291142959001,6.0100785245305905,-7.623221341136704,5.331112801437258
9.0,400.0,225.0,10.599761024617864,12.162905653971825,14.24461976229451,265.5025456990129,-663.405404897195,928.9079505962079,-499.2457075236873,34.71764003123478,-3.498291142959001,6.0100785245305905,-7.623221341136704,5.331112801437258
9.0,400.0,150.0,10.599761024617864,12.118801176359883,14.24461976229451,265.0095896642617,-663.9590814331123,928.968671097374,-499.73866355843853,34.65318012136589,-3.510825293407593,6.018446015964855,-7.653699021876735,5.3405255623120835
9.0,400.0,75.0,10.184761024617863,11.796636997255407,13.750000000000002,253.56417816181647,-676.7693531205788,930.3335312823953,-511.18407506088374,33.15655538842751,-3.729583631942302,6.1626545031686275,-8.160766165435906,5.494763489150396
9.0,300.0,300.0,10.491070768463398,11.626563568837076,13.253464821720884,249.86097015406807,-681.6046670930032,931.4656372470713,-514.8872830686321,32.67231655661026,-3.7306089945962864,6.163322491497209,-8.154868756509394,5.492994527709346
9.0,300.0,225.0,10.491070768463398,11.626563568837076,13.253464821720884,249.86097015406807,-681.6046670930032,931.4656372470713,-514.8872830686321,32.67231655661026,-3.7306089945962864,6.163322491497209,-8.154868756509394,5.492994527709346
9.0,300.0,150.0,10.491070768463398,11.582459091225134,13.253464821720884,249.10220136244834,-682.2673233585908,931.3695247210392,-515.6460518602519,32.5730984428817,-3.7513190807741346,6.1767989322008825,-8.205752676004357,5.50823875420721
9.0,300.0,75.0,10.0760707684634,11.260294912120656,12.75,234.49251019645456,-697.6227525905875,932.1152627870421,-530.2557430262457,30.662706218456528,-4.04199470010174,6.362936047982572,-8.879426418505075,5.706226029517109
9.0,200.0,300.0,10.231826380695836,11.090221483702328,12.262309881147255,228.46566926056533,-704.3420870473334,932.8077563078987,-536.2825839621348,29.87462453137954,-4.068388850457802,6.379568857298848,-8.927185233027965,5.720001830746479
9.0,200.0,225.0,10.231826380695836,11.090221483702328,12.262309881147255,228.46566926056533,-704.3420870473334,932.8077563078987,-536.2825839621348,29.87462453137954,-4.068388850457802,6.379568857298848,-8.927185233027965,5.720001830746479
9.0,200.0,150.0,10.231826380695836,11.046117006090386,12.262309881147255,227.49764269876445,-705.1165908172267,932.6142335159911,-537.2506105239357,29.74804345614053,-4.096720712923046,6.397374632359201,-8.995721280453667,5.73971295771814
8.0,400.0,300.0,9.599761024617864,11.162905653971825,13.244619762294512,225.76948342941148,-710.5191456710568,936.2886291004683,-538.9787697932887,29.52206591881757,-4.12285173283557,6.41375341880876,-9.072855604550337,5.761816317819833
8.0,400.0,225.0,9.599761024617864,11.162905653971825,13.244619762294512,225.76948342941148,-710.5191456710568,936.2886291004683,-538.9787697932887,29.52206591881757,-4.12285173283557,6.41375341880876,-9.072855604550337,5.761816317819833
8.0,400.0,150.0,9.599761024617864,11.118801176359883,13.244619762294512,224.86422973499916,-711.3124692059953,936.1766989409945,-539.884023487701,29.403693148353888,-4.149281406304061,6.430276962956351,-9.137802874345505,5.780361851496651
9.0,400.0,0.0,9.434761024617865,11.14536834053899,13.0,222.95869234264444,-711.837661530517,934.7963538731615,-541.7895608800558,29.154521295482745,-4.2489125878897305,6.492187229702857,-9.378709993459143,5.848638697840218
9.0,200.0,75.0,9.967380512308932,10.723952826985908,11.75,209.57783369069205,-721.7234637858747,931.3012974765668,-555.1704195320082,27.404813650442094,-4.457503554616592,6.6199297305304565,-9.836883416535544,5.97634011957392
8.0,400.0,75.0,9.184761024617865,10.796636997255408,12.75,207.57048592931363,-728.570926006854,936.1414119361677,-557.1777672933865,27.1423288715728,-4.517645493954749,6.6563057532977545,-9.99522516165249,6.019843053598993
9.0,100.0,225.0,9.82802753079582,10.553879398567585,11.482295820324753,201.3647233488831,-730.1353079739216,931.5000313228047,-563.3835298738171,26.330851035006447,-4.508923452566857,6.651042680871317,-9.9431109003006,6.00555993120662
9.0,100.0,300.0,9.82802753079582,10.553879398567585,11.482295820324753,201.3647233488831,-730.1353079739216,931.5000313228047,-563.3835298738171,26.330851035006447,-4.508923452566857,6.651042680871317,-9.9431109003006,6.00555993120662
8.0,300.0,225.0,9.491070768463398,10.626563568837074,12.253464821720884,200.81469383406346,-735.2359997644336,936.050693598497,-563.9335593886367,26.258928083564353,-4.53462009384723,6.666536689727336,-10.021694735905543,6.027084692420465
8.0,300.0,300.0,9.491070768463398,10.626563568837074,12.253464821720884,200.81469383406346,-735.2359997644336,936.050693598497,-563.9335593886367,26.258928083564353,-4.53462009384723,6.666536689727336,-10.021694735905543,6.027084692420465
9.0,100.0,150.0,9.82802753079582,10.509774920955644,11.271154940573629,200.18735869539626,-730.9710590441749,931.1584177395712,-564.560894527304,26.17689649525754,-4.54541884843894,6.673037155080657,-10.030710982152625,6.0295494027982395
8.0,300.0,150.0,9.491070768463398,10.582459091225134,12.253464821720884,199.64446918314422,-736.138488596622,935.7829577797662,-565.103784039556,26.105907184727666,-4.570738290276441,6.6882537836038995,-10.109455896255797,6.051032696337594
9.0,300.0,0.0,9.3260707684634,10.60902625540424,12.0,197.1421189827128,-736.5030408180407,933.6451598007535,-567.6061342399875,25.77869490409984,-4.686706967486796,6.757511459039495,-10.393057579820772,6.12778121820454
9.0,100.0,75.0,9.82802753079582,10.187610741851165,10.749999999999998,180.196850581886,-749.2893222840254,929.4861728659114,-584.5514026408142,23.56289796315643,-4.962952705330666,6.919696526819291,-11.006365632582167,6.290553893637617
8.0,300.0,75.0,9.0760707684634,10.26029491212066,11.75,179.4296072266382,-754.6206363801414,934.0502436067795,-585.3186459960621,23.4625716986616,-5.004314400017644,6.9436541014024025,-11.123254102557365,6.321100700297478
8.0,200.0,300.0,9.231826380695837,10.090221483702328,11.262309881147257,170.9889254733639,-763.0617122846962,934.0506377580601,-593.7593277493363,22.358851393619425,-5.0466515448736144,6.968091370718576,-11.20787409267397,6.343122895640224
8.0,200.0,225.0,9.231826380695837,10.090221483702328,11.262309881147257,170.9889254733639,-763.0617122846962,934.0506377580601,-593.7593277493363,22.358851393619425,-5.0466515448736144,6.968091370718576,-11.20787409267397,6.343122895640224
9.0,0.0,225.0,9.0,10.017537313432834,11.01,170.38862045792462,-759.2968055142178,929.6854259721424,-594.3596327647756,22.280354317894233,-5.04385656304577,6.9664807321920925,-11.177270527969451,6.335167211340465
9.0,0.0,300.0,9.0,10.017537313432834,11.01,170.38862045792462,-759.2968055142178,929.6854259721424,-594.3596327647756,22.280354317894233,-5.04385656304577,6.9664807321920925,-11.177270527969451,6.335167211340465
8.0,200.0,150.0,9.231826380695837,10.046117006090387,11.262309881147257,169.70406284124434,-764.0142652974602,933.7183281387045,-595.0441903814559,22.19084020474713,-5.088455091453934,6.992136844702625,-11.308277716854741,6.369153979795093
7.000000000000001,400.0,300.0,8.599761024617864,10.162905653971826,12.244619762294512,169.59779363483202,-769.1689424731733,938.7667361080053,-595.1504595878682,22.176944232319013,-5.1107736088733855,7.004940698456195,-11.378763139484287,6.387364960740419
7.000000000000001,400.0,225.0,8.599761024617864,10.162905653971826,12.244619762294512,169.59779363483202,-769.1689424731733,938.7667361080053,-595.1504595878682,22.176944232319013,-5.1107736088733855,7.004940698456195,-11.378763139484287,6.387364960740419
9.0,0.0,150.0,9.0,9.973432835820896,10.5,169.16203144759302,-760.1875984310687,929.3496298786617,-595.5862217751072,22.11996310350928,-5.083615426745447,6.989357295145559,-11.272749380821475,6.359954927756598
7.000000000000001,400.0,150.0,8.599761024617864,10.118801176359886,12.244619762294512,168.3316040720006,-770.1333159274996,938.4649199995001,-596.4166491506996,22.01137477106224,-5.152676749648892,7.028917002601436,-11.480005733870412,6.413432045556596
9.0,200.0,0.0,9.217380512308932,10.072684170269492,10.999999999999998,166.9837417263869,-764.2535942342955,931.2373359606825,-597.7645114963133,21.835125614567445,-5.216099804511966,7.06505187954487,-11.621399677369599,6.4496606510787675
8.0,400.0,0.0,8.434761024617865,10.14536834053899,12.0,165.52515084660374,-770.4050448040753,935.930195650679,-599.2231023760964,21.644397375093007,-5.293039007423172,7.1086409290074855,-11.819639870913683,6.500114661193577
8.0,200.0,75.0,8.967380512308932,9.723952826985908,10.750000000000002,147.45499466074068,-783.9883597525131,931.4433544132538,-617.2932585619595,19.281507873912165,-5.590183945722419,7.274533267106451,-12.479548083706867,6.665316417278302
7.000000000000001,400.0,75.0,8.184761024617865,9.796636997255408,11.75,146.4557235346028,-789.742993279095,936.1987168136978,-618.2925296880974,19.150841197404322,-5.662955368791701,7.314587137755693,-12.671190287501647,6.712530455349736
9.0,0.0,75.0,9.0,9.651268656716418,9.75,146.37213380325912,-779.8809775844436,926.2531113877027,-618.3761194194411,19.13991083816631,-5.5851219723033125,7.27173891658752,-12.443597866173416,6.656422218653527
8.0,100.0,300.0,8.82802753079582,9.553879398567585,10.482295820324754,137.77949204975275,-793.5186393688296,931.2981314185823,-626.9687611729474,18.016319941777017,-5.658032252440114,7.311884341783905,-12.618595396728754,6.699606013292847
8.0,100.0,225.0,8.82802753079582,9.553879398567585,10.482295820324754,137.77949204975275,-793.5186393688296,931.2981314185823,-626.9687611729474,18.016319941777017,-5.658032252440114,7.311884341783905,-12.618595396728754,6.699606013292847
7.000000000000001,300.0,225.0,8.491070768463398,9.626563568837076,11.253464821720884,137.76699893746002,-798.0737023927314,935.8407013301915,-626.9812542852402,18.01468631760853,-5.695754620841527,7.332568532480381,-12.730938913113599,6.727182698942625
7.000000000000001,300.0,300.0,8.491070768463398,9.626563568837076,11.253464821720884,137.76699893746002,-798.0737023927314,935.8407013301915,-626.9812542852402,18.01468631760853,-5.695754620841527,7.332568532480381,-12.730938913113599,6.727182698942625
7.000000000000001,300.0,150.0,8.491070768463398,9.582459091225136,11.253464821720884,136.35139699961323,-799.1231959175038,935.4745929171171,-628.396856223087,17.829579397536293,-5.744644652508963,7.3592897547581435,-12.849273277771838,6.756108219826883
8.0,100.0,150.0,8.82802753079582,9.509774920955643,10.271154940573629,136.32990618055226,-794.5859176221813,930.9158238027336,-628.418347042148,17.826769215365832,-5.707327552827732,7.3389025968009545,-12.736958918852588,6.728657224496605
8.0,300.0,0.0,8.3260707684634,9.609026255404242,11.0,133.1656820929194,-799.5863727983733,932.7520548912927,-631.5825711297808,17.41300899109613,-5.903783487525677,7.445604224041451,-13.235033381133176,6.849554884805882
9.0,100.0,0.0,9.108690256154466,9.536342085134748,10.0,132.90802571814163,-794.6567511009952,927.5647768191368,-631.8402275045586,17.37931733195314,-5.861308004075123,7.422664369253512,-13.113541335702735,6.820262729115391
7.000000000000001,300.0,75.0,8.076070768463401,9.260294912120658,10.750000000000002,112.32353500321811,-819.194333340442,931.5178683436601,-652.4247182194821,14.687648455538046,-6.332910037507551,7.6735184976449275,-14.222706104567958,7.083192363748619
8.0,100.0,75.0,8.82802753079582,9.187610741851167,9.75,111.66845432399056,-814.3959120654374,926.064366389428,-653.0797988987097,14.601988805258756,-6.2926472542602,7.652423020112311,-14.104128415377183,7.055551069187594
7.000000000000001,200.0,225.0,8.231826380695836,9.090221483702328,10.262309881147257,102.7352195032782,-828.0923678553107,930.827587358589,-662.013033719422,13.433861283153655,-6.386201237339392,7.701351290265316,-14.32682364966536,7.107374262177002
7.000000000000001,200.0,300.0,8.231826380695836,9.090221483702328,10.262309881147257,102.7352195032782,-828.0923678553107,930.827587358589,-662.013033719422,13.433861283153655,-6.386201237339392,7.701351290265316,-14.32682364966536,7.107374262177002
6.0,400.0,300.0,7.599761024617864,9.162905653971825,11.24461976229451,102.5678967352095,-833.4716522784798,936.0395490136893,-662.1803564874907,13.41198182578143,-6.455119958779101,7.7371975187396425,-14.513985090388651,7.15063795706362
6.0,400.0,225.0,7.599761024617864,9.162905653971825,11.24461976229451,102.5678967352095,-833.4716522784798,936.0395490136893,-662.1803564874907,13.41198182578143,-6.455119958779101,7.7371975187396425,-14.513985090388651,7.15063795706362
8.0,0.0,225.0,8.0,9.017537313432836,10.010000000000002,101.23512074053225,-824.3737145798237,925.608835320356,-663.513132482168,13.237705390489051,-6.381039548280762,7.69865985749781,-14.28560514529968,7.0978108793583194
8.0,0.0,300.0,8.0,9.017537313432836,10.010000000000002,101.23512074053225,-824.3737145798237,925.608835320356,-663.513132482168,13.237705390489051,-6.381039548280762,7.69865985749781,-14.28560514529968,7.0978108793583194
7.000000000000001,200.0,150.0,8.231826380695836,9.04611700609039,10.262309881147257,101.17436325001754,-829.1244869809423,930.2988502309598,-663.5738899726827,13.229760620395275,-6.443036171859481,7.730924476648351,-14.464458654200284,7.139215079390726
6.0,400.0,150.0,7.599761024617864,9.118801176359883,11.24461976229451,101.05208318778483,-834.5094497334958,935.5615329212806,-663.6961700349154,13.213771036670513,-6.510701368023045,7.7659861749041745,-14.64939475028563,7.181776372093102
8.0,0.0,150.0,8.0,8.973432835820896,9.5,99.63359754727281,-825.3379341113255,924.9715316585982,-665.1146556754275,13.028287037912174,-6.438608240836439,7.728624535314953,-14.424090153670164,7.129890868975615
7.000000000000001,400.0,0.0,7.434761024617866,9.14536834053899,11.0,97.02189746895469,-834.9492294034567,931.9711268724113,-667.7263557537456,12.68677595013757,-6.707133707150863,7.866885198942096,-15.123923816265425,7.289848013433645
8.0,200.0,0.0,8.217380512308932,9.072684170269493,10.0,96.94733996686533,-829.4289043953142,926.3762443621796,-667.8009132558349,12.677026663130352,-6.631639514271034,7.82826087274913,-14.920607662238053,7.243741188592679
9.0,0.0,0.0,9.0,9.0,9.0,95.52476033150218,-825.4401226673111,920.9648829988133,-669.223492891198,12.491007325476646,-6.615190387075056,7.819819860849494,-14.854816587283114,7.2287585037818465
6.0,400.0,75.0,7.184761024617864,8.796636997255407,10.749999999999998,75.30164878721575,-854.3772305952674,929.6788793824832,-689.4466044354845,9.846593106932847,-7.189142583061926,8.109154637332638,-16.235934887432467,7.537034920019069
7.000000000000001,200.0,75.0,7.967380512308933,8.72395282698591,9.75,75.13634677371522,-849.2490738388375,924.3854206125527,-689.611906448985,9.824977887440166,-7.10882284849523,8.069289041913146,-16.016986184426365,7.48901030464366
8.0,0.0,75.0,8.0,8.651268656716418,8.75,73.39824569595895,-845.3523353048845,918.7505810008435,-691.3500075267413,9.597700339510922,-7.0986850314491186,8.064243268803446,-15.963244046861856,7.477175256723848
6.0,300.0,225.0,7.491070768463398,8.626563568837074,10.253464821720884,65.50774867591724,-863.2445160401174,928.7522647160347,-699.240504546783,8.565923282578707,-7.232511290111477,8.130598833645955,-16.312749754534916,7.55381128633266
6.0,300.0,300.0,7.491070768463398,8.626563568837074,10.253464821720884,65.50774867591724,-863.2445160401174,928.7522647160347,-699.240504546783,8.565923282578707,-7.232511290111477,8.130598833645955,-16.312749754534916,7.55381128633266
7.000000000000001,100.0,225.0,7.828027530795821,8.553879398567585,9.482295820324754,64.51133794311525,-858.8571386921011,923.3684766352163,-700.236915279585,8.435630636782781,-7.191709796922247,8.11042560695319,-16.18438684283108,7.52575585859242
7.000000000000001,100.0,300.0,7.828027530795821,8.553879398567585,9.482295820324754,64.51133794311525,-858.8571386921011,923.3684766352163,-700.236915279585,8.435630636782781,-7.191709796922247,8.11042560695319,-16.18438684283108,7.52575585859242
6.0,300.0,150.0,7.491070768463398,8.582459091225136,10.253464821720884,63.80228568544177,-864.2858168403123,928.0881025257542,-700.9459675372584,8.342913555745262,-7.297996326464194,8.162871971860199,-16.47128522958449,7.588318167924634
7.000000000000001,100.0,150.0,7.828027530795821,8.509774920955644,9.271154940573629,62.808513033802626,-859.8959674441973,922.7044804779998,-701.9397401888975,8.212965870680105,-7.256761048519589,8.142564810438921,-16.34086696780164,7.55994277788274
7.000000000000001,300.0,0.0,7.326070768463399,8.609026255404242,10.0,59.560234311320414,-864.6555079438227,924.2157422551431,-705.1880189113798,7.788214495466921,-7.507947112530877,8.265492890274855,-16.975853896856407,7.6971131314186385
8.0,100.0,0.0,8.108690256154466,8.536342085134748,9.0,58.68168573720067,-859.9997043428481,918.6813900800487,-706.0665674854995,7.673333739555746,-7.454758706600627,8.239616046060283,-16.81951225155961,7.663567929044297
6.0,300.0,75.0,7.076070768463399,8.260294912120658,9.75,36.420859833415406,-883.9774409817943,920.3983008152097,-728.3273933892848,4.762463945479505,-8.046341773347898,8.52300732356582,-18.21843398723165,7.958699427025174
7.000000000000001,100.0,75.0,7.828027530795821,8.187610741851167,8.75,35.34352825967551,-879.8074197913467,915.1509480510222,-729.4047249630247,4.6215899298541085,-7.991423875923392,8.497097503155889,-18.056990565742375,7.9252006140808104
5.0,400.0,300.0,6.599761024617864,8.162905653971825,10.244619762294512,25.774908006263836,-897.428849614708,923.2037576209718,-738.9733452164364,3.3703781470106864,-8.207898249579147,8.598775723166419,-18.607256034773723,8.038805389601238
5.0,400.0,225.0,6.599761024617864,8.162905653971825,10.244619762294512,25.774908006263836,-897.428849614708,923.2037576209718,-738.9733452164364,3.3703781470106864,-8.207898249579147,8.598775723166419,-18.607256034773723,8.038805389601238
6.0,200.0,300.0,7.231826380695836,8.090221483702328,9.262309881147255,25.01924949903635,-892.9971568920381,918.0164063910745,-739.7290037236638,3.2715667402447224,-8.127470654580176,8.561139791722958,-18.384966768618565,7.993107160887325
6.0,200.0,225.0,7.231826380695836,8.090221483702328,9.262309881147255,25.01924949903635,-892.9971568920381,918.0164063910745,-739.7290037236638,3.2715667402447224,-8.127470654580176,8.561139791722958,-18.384966768618565,7.993107160887325
5.0,400.0,150.0,6.599761024617864,8.118801176359883,10.244619762294512,24.002657686445776,-898.428716488853,922.4313741752987,-740.7455955362544,3.1386351763860816,-8.279967698056804,8.632361082545472,-18.78200516130925,8.074548741085987
7.000000000000001,0.0,225.0,7.000000000000001,8.017537313432836,9.010000000000002,23.333676484782757,-889.4403514197909,912.7740279045736,-741.4145767379175,3.0511578661936247,-8.110707639872137,8.553274717752869,-18.309953684788027,7.977626897273098
7.000000000000001,0.0,300.0,7.000000000000001,8.017537313432836,9.010000000000002,23.333676484782757,-889.4403514197909,912.7740279045736,-741.4145767379175,3.0511578661936247,-8.110707639872137,8.553274717752869,-18.309953684788027,7.977626897273098
6.0,200.0,150.0,7.231826380695836,8.04611700609039,9.262309881147255,23.239608080028013,-894.0419739676483,917.2815820476764,-741.5086451426722,3.0388572948149606,-8.199097621096533,8.594665516959976,-18.55783289101753,8.028667466278753
7.000000000000001,0.0,150.0,7.000000000000001,7.973432835820896,8.5,21.582002442333206,-890.459103770149,912.0411062124822,-743.166250780367,2.8221054904519502,-8.180955218729999,8.586186161574236,-18.478895635619747,8.01244885577795
6.0,400.0,0.0,6.434761024617865,8.145368340538989,10.0,19.523932304843342,-898.9869575599251,918.5108898647685,-745.2243209178569,2.55298815297298,-8.518610741184013,8.742651147177076,-19.356708284765276,8.19099916409723
7.000000000000001,200.0,0.0,7.2173805123089325,8.072684170269493,9.0,19.019708973912117,-894.3754812013734,913.3951901752855,-745.7285442487881,2.487054909084368,-8.419101161123333,8.696832315847347,-19.089912181161697,8.13714629672594
8.0,0.0,0.0,8.0,8.0,8.0,17.897716303197406,-890.7302401143222,908.6279564175196,-746.8505369195028,2.340340919743881,-8.378050205995118,8.677860064313728,-18.958446114611295,8.11047832399223
5.0,400.0,75.0,6.184761024617865,7.796636997255405,9.75,-5.069287202751745,-917.5940277634003,912.5247405606485,-769.817540425452,-0.6628700597078098,-9.127994672567134,9.018163357873984,-20.769557506960233,8.47047774624131
6.0,200.0,75.0,6.9673805123089325,7.723952826985911,8.75,-5.365649291319741,-913.1362735350358,907.770624243716,-770.11390251402,-0.7016229548362533,-9.01451197224077,8.967497430676937,-20.466515856103438,8.411314775258873
7.000000000000001,0.0,75.0,7.000000000000001,7.651268656716418,7.750000000000002,-7.2271941208314985,-909.7293462643069,902.5021521434753,-771.9754473435318,-0.9450422528427649,-8.984681780935778,8.9541317437719,-20.360670517536935,8.390552239018252
5.0,300.0,300.0,6.491070768463398,7.626563568837075,9.253464821720884,-16.24722164008614,-925.7669547260433,909.5197330859571,-780.9954748627863,-2.124518960536263,-9.185560150398544,9.043755754201703,-20.879783623373637,8.491895016320424
5.0,300.0,225.0,6.491070768463398,7.626563568837075,9.253464821720884,-16.24722164008614,-925.7669547260433,909.5197330859571,-780.9954748627863,-2.124518960536263,-9.185560150398544,9.043755754201703,-20.879783623373637,8.491895016320424
6.0,100.0,225.0,6.82802753079582,7.553879398567584,8.482295820324753,-17.348735070040426,-921.9192705707658,904.5705355007253,-782.0969882927407,-2.268555043693359,-9.121618081969705,9.01532399076828,-20.69149164720557,8.455276495369857
6.0,100.0,300.0,6.82802753079582,7.553879398567584,8.482295820324753,-17.348735070040426,-921.9192705707658,904.5705355007253,-782.0969882927407,-2.268555043693359,-9.121618081969705,9.01532399076828,-20.69149164720557,8.455276495369857
5.0,300.0,150.0,6.491070768463398,7.582459091225136,9.253464821720884,-18.08512820889272,-926.7575601352412,908.6724319263485,-782.8333814315929,-2.36484727263917,-9.263946554144082,9.078488689532566,-21.06937950400038,8.528608256018154
6.0,100.0,150.0,6.82802753079582,7.509774920955642,8.271154940573629,-19.204445561070838,-922.9127459871103,903.7083004260394,-783.9526987837711,-2.5112114320159638,-9.199373242227944,9.049885996545566,-20.878726470652904,8.49168986487755
6.0,300.0,0.0,6.326070768463399,7.609026255404239,9.0,-22.530082287014046,-927.2934255956984,904.7633433086844,-787.2783355097142,-2.9460782933561176,-9.511021016386026,9.18710792168241,-21.666989096310218,8.643308671487269
7.000000000000001,100.0,0.0,7.108690256154467,7.536342085134747,8.0,-23.700534804287592,-923.258374444259,899.5578396399713,-788.4487880269878,-3.099128988449723,-9.432362365898854,9.152667758263307,-21.44519319423954,8.600917441388084
5.0,300.0,75.0,6.076070768463398,7.260294912120658,8.75,-48.04214075374772,-945.0548277516343,897.0126869978866,-812.790393976448,-6.282085712689754,-10.177619205176097,9.47394852969563,-23.212167371839037,8.933053577095354
6.0,100.0,75.0,6.82802753079582,7.187610741851163,7.749999999999998,-48.94987495915284,-940.783061699702,891.8331867405492,-813.698128181853,-6.400782839695912,-10.086551043535868,9.435275732210204,-22.959981700048118,8.886409984626955
5.0,200.0,225.0,6.2318263806958365,7.09022148370233,8.262309881147257,-60.30034835294138,-953.2187521368136,892.9184037838722,-825.0486015756416,-7.88499327704662,-10.27440352744716,9.514876447769183,-23.411475888484055,8.969745555398047
5.0,200.0,300.0,6.2318263806958365,7.09022148370233,8.262309881147257,-60.30034835294138,-953.2187521368136,892.9184037838722,-825.0486015756416,-7.88499327704662,-10.27440352744716,9.514876447769183,-23.411475888484055,8.969745555398047
6.0,0.0,225.0,6.0,7.017537313432835,8.01,-62.0181787926108,-949.6833366603644,887.6651578677536,-826.766432015311,-8.10962019609225,-10.234549734334129,9.498044531947672,-23.275249195197677,8.944682993317558
6.0,0.0,300.0,6.0,7.017537313432835,8.01,-62.0181787926108,-949.6833366603644,887.6651578677536,-826.766432015311,-8.10962019609225,-10.234549734334129,9.498044531947672,-23.275249195197677,8.944682993317558
5.0,200.0,150.0,6.2318263806958365,7.046117006090389,8.262309881147257,-62.209727763601194,-954.1564717298679,891.9467439662667,-826.9579809863014,-8.134667519859672,-10.359368732647033,9.550661756866251,-23.61676469386465,9.007382223754677
6.0,0.0,150.0,6.0,6.973432835820895,7.5,-63.93251472469282,-950.5995114383749,886.666996713682,-828.6807679473931,-8.35994256348765,-10.318610034161505,9.533511932417618,-23.477611701129156,8.98188779880947
5.0,400.0,0.0,5.434761024617865,7.145368340538986,9.0,-66.53763908879584,-959.0825379948299,892.5448989060341,-831.285892311496,-8.700593797815397,-10.770162477743884,9.721820426091613,-24.638811680858844,9.192466402600877
6.0,200.0,0.0,6.2173805123089325,7.072684170269493,7.999999999999999,-66.7881398784346,-954.3398840743632,887.5517441959287,-831.5363931011348,-8.733349778438189,-10.62450403689347,9.66147828722314,-24.259039297194068,9.12413115267177
7.000000000000001,0.0,0.0,7.000000000000001,7.000000000000001,7.000000000000001,-67.94227187643943,-950.0550986060538,882.1128267296143,-832.6905250991397,-8.884266370027804,-10.559997641599317,9.634634383098222,-24.065084748119283,9.089033281815723
5.0,200.0,75.0,5.9673805123089325,6.723952826985913,7.750000000000002,-93.78654398356161,-971.5516443524139,877.7651003688522,-858.5347972062618,-12.263714704589237,-11.373438838088356,9.967851834147607,-25.99727399115178,9.432852904052204
6.0,0.0,75.0,6.0,6.651268656716418,6.75,-95.78887347616865,-968.124061369377,872.3351878932084,-860.5371266988689,-12.525543284670206,-11.320455515825422,9.946487664799548,-25.828710254316142,9.403358691882305
5.0,100.0,225.0,5.82802753079582,6.553879398567584,7.482295820324754,-106.67608756732338,-979.6754711087569,872.9993835414335,-871.4243407900236,-13.949177015806601,-11.495016045436616,10.016702493232112,-26.25045311336947,9.47698010761847
5.0,100.0,300.0,5.82802753079582,6.553879398567584,7.482295820324754,-106.67608756732338,-979.6754711087569,872.9993835414335,-871.4243407900236,-13.949177015806601,-11.495016045436616,10.016702493232112,-26.25045311336947,9.47698010761847
5.0,100.0,150.0,5.82802753079582,6.509774920955643,7.271154940573628,-108.81804128778043,-980.6101192879867,871.7920780002062,-873.5662945104807,-14.22926313714532,-11.5942072229859,10.056382492406975,-26.490014521918607,9.51854548742656
5.0,300.0,0.0,5.326070768463398,6.60902625540424,8.0,-112.61993885647777,-984.773420940257,872.1534820837792,-877.368192079178,-14.726406811900494,-12.000165132889675,10.21717425375823,-27.509741773372912,9.693480631619376
6.0,100.0,0.0,6.108690256154466,6.536342085134746,6.999999999999999,-114.16386538503879,-980.9150795128882,866.7512141278494,-878.912118607739,-14.92829371024316,-11.898484161051746,10.177138930828127,-27.22706530501112,9.645305083378755
5.0,100.0,75.0,5.82802753079582,6.187610741851164,6.75,-142.4907771409344,-997.3949355407844,854.9041583998501,-907.2390303636346,-18.632376934562288,-12.724944987195398,10.498123368381005,-29.145663951121573,9.967713159033158
5.0,0.0,300.0,5.0,6.017537313432835,7.010000000000001,-156.40722202282424,-1005.5082810457642,849.1010590229399,-921.1554752455245,-20.452118898436677,-12.89174892020098,10.561724346072726,-29.50049695488551,10.026204599433665
5.0,0.0,225.0,5.0,6.017537313432835,7.010000000000001,-156.40722202282424,-1005.5082810457642,849.1010590229399,-921.1554752455245,-20.452118898436677,-12.89174892020098,10.561724346072726,-29.50049695488551,10.026204599433665
5.0,0.0,150.0,5.0,5.973432835820896,6.5,-158.64765169807472,-1006.3862299202101,847.7385782221354,-923.3959049207749,-20.745081931148313,-13.00083770331228,10.603112675807475,-29.763845466114546,10.069395880906876
5.0,200.0,0.0,5.2173805123089325,6.072684170269495,7.000000000000001,-161.3909685509591,-1009.9216023450605,848.5306337941014,-926.1392217736593,-21.103803489690463,-13.379631997972888,10.745589648624385,-30.725548717886845,10.22557353438627
6.0,0.0,0.0,6.0,6.0,6.0,-163.9501468893324,-1005.9930677214793,842.0429208321469,-928.6984001120326,-21.438446730467906,-13.317667694370112,10.722412357401511,-30.529971498048642,10.19400621687198
5.0,0.0,75.0,5.0,5.651268656716418,5.75,-193.18792305564068,-1022.3753870141131,829.1874639584724,-957.9361762783409,-25.261636393615007,-14.216326781810182,11.053791769564398,-32.61624076666415,10.525862144151372
5.0,100.0,0.0,5.108690256154466,5.536342085134747,6.0,-212.47374481974273,-1034.1249803673034,821.6512355475606,-977.2219980424429,-27.78348873951188,-14.903132671192203,11.300501229949692,-34.27782431783637,10.782860869979455
5.0,0.0,0.0,5.0,5.0,5.0,-265.0876657053234,-1057.1548264053517,792.0671607000284,-1029.8359189280236,-34.663389499515205,-16.575331605427156,11.879772661968104,-38.182949548875285,11.364011577964975
