rep,central_trapped_b,central_share_pct,null_trapped_b,null_share_pct,marginal_b,marginal_pp
1,818.5739941116642,107.03836074971585,748.2278596769465,97.8397605386955,70.34613443471767,9.198600211020349
2,818.4177238657408,107.01792654208411,748.0885063704917,97.8215384236573,70.32921749524905,9.19638811842681
3,818.61669736605,107.04394471204668,748.2742947562249,97.84583248185884,70.34240260982506,9.198112230187846
4,818.2516161346591,106.99620596536077,747.7878968115215,97.7822301208657,70.46371932313764,9.213975844495067
5,817.8993561467892,106.95014374993426,747.4149315321165,97.73346044040768,70.48442461467266,9.216683309526573
6,818.4240946194387,107.01875959448681,747.9384010095692,97.8019103486287,70.48569360986949,9.216849245858114
7,818.4550644480183,107.02280927076251,748.0903470018842,97.82177910827275,70.36471744613414,9.201030162489758
8,818.372796743009,107.01205178231285,747.6981320088131,97.77049229703543,70.67466473419586,9.24155948527742
9,818.9780134830517,107.09119112489942,748.8567947208278,97.92200133378472,70.12121876222386,9.169189791114704
10,818.3222390608931,107.00544075941704,747.8088322441458,97.78496767960299,70.5134068167473,9.220473079814056
11,818.5001100270898,107.02869952011996,748.1098796466863,97.82433323568917,70.39023038040352,9.20436628443079
12,818.2451553195899,106.99536113635438,748.0405626015732,97.81526920124111,70.20459271801667,9.180091935113268
13,818.6226494748355,107.04472302160939,748.2419103629369,97.84159783429325,70.3807391118986,9.203125187316132
14,818.9093137653633,107.08220781341112,748.7904536144089,97.91332643898902,70.11886015095445,9.1688813744221
15,818.1036420814452,106.97685658435985,747.456442687515,97.73888852150804,70.64719939393012,9.237968062851806
16,818.4717202730295,107.02498721951113,748.2817468551581,97.8468069331115,70.18997341787144,9.178180286399638
17,818.3786714481638,107.01281997042314,747.9743739452496,97.80661424112257,70.40429750291423,9.206205729300564
18,818.8158991490099,107.0699927327019,748.3231936292689,97.85222659558684,70.49270551974098,9.217766137115063
19,818.5586979446164,107.0363605925421,748.1375828132191,97.82795575674966,70.4211151313973,9.208404835792436
20,818.2455142348068,106.99540806882075,747.8861637960993,97.79507970687831,70.35935043870757,9.20032836194244
21,818.7257370689344,107.05820296009432,748.504185914966,97.87589350622501,70.22155115396845,9.182309453869308
22,818.5507059447899,107.03531554277667,748.2620438532372,97.84423052945999,70.28866209155274,9.19108501331668
23,818.5623546338979,107.03683874849293,748.0387133757583,97.81502739280191,70.5236412581396,9.221811355691017
24,818.4149780754982,107.01756749710023,748.2945086856889,97.84847569541034,70.12046938980927,9.169091801689888
25,818.4308299250372,107.01964031641981,748.0567386098523,97.81738440820116,70.37409131518484,9.202255908218646
26,818.3397311180448,107.00772805554071,748.0426430111621,97.81554123972961,70.29708810688271,9.192186815811098
27,818.5798291994627,107.03912375738194,748.3350830345298,97.85378127782519,70.24474616493285,9.185342479556752
28,818.374173552036,107.01223181659489,748.0423107428963,97.81549779167146,70.3318628091397,9.19673402492343
29,818.2484243430508,106.99578860035277,747.840570578559,97.78911784722736,70.40785376449185,9.206670753125408
30,817.8975707018124,106.9499102816041,747.5219393486997,97.74745299496826,70.37563135311268,9.202457286635848
31,818.6160636241272,107.04386184269457,748.2811134805584,97.84672411179127,70.33495014356879,9.197137730903293
32,818.401681210287,107.01582877260427,747.8769856156385,97.79387954977798,70.5246955946485,9.221949222826282
33,818.7285728541412,107.05857377299841,748.2488373126478,97.8425036159909,70.47973554149348,9.216070157007508
34,818.6691787761713,107.05080728543605,748.5311064702192,97.8794136914807,70.13807230595205,9.171393593955344
35,818.5665201673096,107.0373834419125,748.1587274360033,97.83072066960762,70.40779273130624,9.206662772304881
36,818.189512654853,106.9880851910348,747.6999328978709,97.77072778486429,70.48957975698215,9.217357406170507
37,818.5799908939363,107.03914490087234,748.3193152053367,97.85171944517286,70.26067568859958,9.187425455699483
38,818.4210787811996,107.01836523749071,748.3449257488095,97.85506833068712,70.07615303239015,9.163296906803595
39,818.2148390337125,106.99139691862001,747.9844037840082,97.80792576275292,70.23043524970421,9.183471155867096
40,819.1272861542385,107.11071031576489,748.9593666255895,97.93541383970799,70.16791952864901,9.1752964760569
41,818.361434752814,107.01056606591573,747.9795707952488,97.80729379154683,70.3818639575652,9.2032722743689
42,818.5321220564998,107.03288547664552,748.0825590298296,97.82076073758387,70.44956302667026,9.21212473906165
43,818.3432503842229,107.00818824177365,748.0234691335502,97.8130340254233,70.31978125067269,9.195154216350346
44,818.7247725131834,107.05807683286919,748.3934843880422,97.86141795476644,70.33128812514121,9.196658878102753
45,818.3794444140822,107.01292104498134,747.8589000680108,97.7915146476613,70.52054434607135,9.221406397320038
46,819.0383269370425,107.0990778318957,748.7828591224878,97.91233336814655,70.25546781455466,9.18674446374915
47,818.2781823851062,106.99967982101657,747.939614135782,97.80206897942094,70.33856824932423,9.197610841595633
48,818.3979146915798,107.01533625513969,747.9099696356038,97.79819260571844,70.48794505597596,9.217143649421246
49,818.6541057906612,107.04883631192332,748.4763650436573,97.8722555938543,70.1777407470039,9.176580718069019
50,818.4221172704354,107.01850103240508,748.0338495904571,97.81439139457888,70.3882676799783,9.204109637826207
51,818.8088883944854,107.06907599252042,748.3690455468645,97.8582222833707,70.43984284762087,9.210853709149731
52,818.6547008829076,107.04891412736701,748.3873762744606,97.86061924570684,70.26732460844698,9.18829488166017
53,818.8620370844872,107.07602582075184,748.7176569018507,97.90380739631695,70.1443801826365,9.172218424434888
54,818.6998953958737,107.05482385161622,748.5783327877016,97.88558909852262,70.1215626081721,9.169234753093605
55,818.8157914136497,107.06997864501228,748.6742133223395,97.89812662760279,70.14157809131018,9.171852017409492
56,818.4587976605173,107.02329743304118,747.9029678058284,97.79727703255489,70.55582985468891,9.226020400486291
57,818.5875139929753,107.04012863623981,748.4080921626918,97.86332809638336,70.17942183028356,9.176800539856458
58,818.53928225991,107.03382175906002,748.3037335738275,97.84968196009936,70.23554868608255,9.184139798960658
59,818.5114197679176,107.03017840428608,748.1378743148546,97.8279938740823,70.373545453063,9.20218453020378
60,818.4501718889926,107.02216951003012,748.126628135556,97.82652330134792,70.32354375343664,9.195646208682206
61,818.8838103698832,107.07887293878112,748.4257852876924,97.86564168453818,70.45802508219083,9.213231254242942
62,818.7921339653584,107.06688515010183,748.4341629582556,97.86673716537489,70.35797100710283,9.20014798472694
63,818.699304652049,107.05474660478077,748.3345290261672,97.85370883459171,70.36477562588186,9.20103777018906
64,818.60045631278,107.04182099967447,748.3781802011039,97.85941674889588,70.22227611167614,9.182404250778589
65,818.5076637083478,107.02968725447907,748.3623664620757,97.85734891298236,70.1452972462721,9.172338341496712
66,818.9445864295881,107.08682013701906,748.614297813876,97.89029195675379,70.3302886157121,9.196528180265275
67,818.491399776434,107.02756055044998,748.2682735693204,97.84504513950414,70.22312620711364,9.18251541094584
68,818.5427556637038,107.03427594823656,748.051880389856,97.81674913770844,70.49087527384779,9.217526810528113
69,818.477691487229,107.0257680273357,748.1027570105725,97.82340186564893,70.37493447665645,9.202366161686768
70,818.8565393314011,107.07530692364251,748.7746069170101,97.91125429337353,70.08193241439096,9.164052630268984
71,818.702027765201,107.05510268446328,748.4899859930123,97.87403669623637,70.21204177218874,9.181065988226905
72,819.0302144746692,107.09801703020845,748.8913869011028,97.9265246759603,70.13882757356635,9.171492354248159
73,818.2336953417846,106.99386260690275,747.7684766893656,97.77969070713391,70.46521865241903,9.214171899768843
74,818.2420825052122,106.99495932904529,747.7665457574542,97.77943821464332,70.47553674775804,9.215521114401966
75,819.0706759893081,107.10330785819903,748.8339755588324,97.91901745485472,70.23670043047571,9.184290403344306
76,818.4792208358873,107.02596800800279,748.1112798832787,97.82451633340617,70.36794095260859,9.201451674596626
77,818.4154109299164,107.0176240980034,748.0616768871015,97.81803014713923,70.35373404281495,9.19959395086417
78,818.8670209050589,107.07667751502518,748.5968669486732,97.88801266221087,70.27015395638568,9.188664852814313
79,817.9832127088856,106.96110900049129,747.6497211123476,97.7641619920937,70.33349159653801,9.196947008397586
80,818.7635476908313,107.06314715208659,748.5249145218736,97.87860402002092,70.23863316895768,9.18454313206567
81,818.1068803627668,106.97728002845508,747.6050754909013,97.75832404198945,70.50180487186549,9.21895598646563
82,818.6389808329227,107.04685854241882,748.3418993660695,97.85467259487115,70.29708146685323,9.19218594754767
83,818.7045183871735,107.05542836313752,748.4870221614008,97.87364913973016,70.21749622577272,9.18177922340736
84,818.5757404498142,107.03858910435969,748.3157819225837,97.85125742610474,70.25995852723054,9.18733167825495
85,818.5509814123169,107.03535156345745,748.1470664344635,97.82919585389332,70.40391497785345,9.206155709564129
86,818.4966992897586,107.02825352533449,747.9767300932576,97.80692233571423,70.51996919650094,9.221331189620258
87,818.5896866597033,107.04041273845499,748.0480618329597,97.81624981562693,70.5416248267436,9.224162922828057
88,818.4577547633863,107.02316106174166,748.1661858673432,97.83169594889833,70.29156889604315,9.191465112843332
89,818.3312390558034,107.006617616621,748.0079776446056,97.81100832757055,70.32326141119779,9.195609289050452
90,818.5636247441319,107.03700483062892,748.1668030770873,97.83177665646994,70.3968216670446,9.205228174158975
91,818.4028983280454,107.01598792533895,748.1973351408427,97.83576908974806,70.20556318720264,9.180218835590892
92,818.7735486855556,107.06445490201372,748.6126237099922,97.89007304760602,70.16092497556338,9.174381854407699
93,818.3406896061392,107.00785338934699,748.0393829134705,97.81511494288252,70.30130669266873,9.192738446464475
94,818.6729475945572,107.0513001036112,748.4256945414047,97.8656298183734,70.24725305315246,9.18567028523779
95,818.9733972451558,107.09058749646661,748.550126742662,97.8819008200701,70.42327050249378,9.20868667639651
96,818.1938393945541,106.98865096410886,747.8593322765672,97.7915711641103,70.33450711798685,9.197079799998562
97,818.7754189200493,107.06469945758947,748.4219026215512,97.8651339794045,70.3535162984981,9.199565478184965
98,818.0580072151314,106.97088927863258,747.7636153743362,97.77905503192854,70.29439184079524,9.191834246704047
99,818.2684746378766,106.99841041671408,747.9156742920294,97.79893855791926,70.35280034584719,9.199471858794823
100,818.6174061576914,107.04403739504902,748.3592430871929,97.85694049428123,70.25816307049854,9.187096900767784
101,818.8365091894829,107.07268774251541,748.5428467652163,97.8809488757649,70.29366242426659,9.191738866750512
102,818.2147855821031,106.99138992918145,747.7578171267224,97.77829684155813,70.45696845538066,9.21309308762332
103,818.5860211964889,107.0399334352073,748.1975031621613,97.83579106054928,70.3885180343276,9.20414237465802
104,818.9527092043421,107.08788228717367,748.6879029488243,97.89991671034272,70.26480625551778,9.187965576830948
105,818.5817770256731,107.03937845900462,747.9597532593418,97.80470241120388,70.62202376633127,9.234676047800747
106,818.4857358022057,107.02681991793406,748.2835280419292,97.84703984463023,70.20220776027645,9.179780073303832
107,818.6691017449878,107.05079721268555,748.2375696440679,97.84103023327543,70.43153210091987,9.20976697941012
108,818.3459404176257,107.00853999588247,748.0002955239108,97.81000379821563,70.34564489371485,9.19853619766684
109,818.7142220341292,107.05669723128007,748.2090386971371,97.83729947000653,70.5051833369921,9.219397761273541
110,818.6212646865232,107.04454194394017,748.2583136629338,97.84374276236962,70.3629510235894,9.20079918157056
111,818.7022385810968,107.05513025116839,748.4688970449006,97.87127906350915,70.23334153619624,9.183851187659243
112,818.5629268680859,107.03691357497152,748.2396727361845,97.8413052377763,70.32325413190142,9.195608337195225
113,818.9440404724556,107.08674874658041,748.7016609059161,97.90171572812848,70.24237956653951,9.185033018451932
114,818.6041727013444,107.04230696202204,748.3812236052826,97.85981471046898,70.22294909606183,9.182492251553057
115,818.6528370503559,107.0486704089219,748.2443653058086,97.84191884749744,70.40847174454723,9.206751561424454
116,818.0586252774395,106.97097009768717,747.5648171241791,97.75305977802381,70.49380815326049,9.21791031966336
117,818.6293820635136,107.04560338827251,748.2891024645754,97.84776876720348,70.3402795989382,9.197834621069035
118,818.5523621421958,107.03553211043784,748.3041672862881,97.84973867320186,70.24819485590763,9.185793437235986
119,818.6003778744019,107.04181074291641,748.4104249260431,97.86363313315088,70.18995294835884,9.178177609765527
120,818.2280944033304,106.9931302170698,747.7651971769144,97.77926187157433,70.46289722641598,9.21386834549547
121,818.5839120760023,107.03965764242483,748.233013836312,97.84043450680771,70.35089823969031,9.199223135617117
122,818.4287324125814,107.01936604152648,748.3296540198684,97.85307136908875,70.09907839271307,9.16629467243773
123,818.7459498467806,107.06084602305799,748.5833382120277,97.88624361774578,70.16261163475292,9.174602405312214
124,817.8733111812974,106.94673805853425,747.3962747149048,97.73102083794596,70.47703646639252,9.215717220588289
125,818.5158091988542,107.03075237499058,748.3211399556308,97.85195805314434,70.19466924322342,9.17879432184624
126,818.2413167355437,106.99485919548297,747.6668982147975,97.76640810411521,70.57441852074624,9.22845109136776
127,818.4899134289202,107.02736619269793,748.1250421107725,97.82631590959816,70.36487131814772,9.201050283099761
128,818.7918424942058,107.06684703675519,748.5006340216814,97.87542905360684,70.29120847252432,9.191417983148355
129,819.2390857395978,107.12532945152469,748.8989495076223,97.92751357740434,70.34013623197552,9.197815874120352
130,819.0878800118938,107.10555749035096,748.8368424671481,97.91939233747834,70.25103754474571,9.186165152872618
131,817.8279457680766,106.94080598702843,747.2592518411577,97.7131034549157,70.56869392691885,9.22770253211273
132,818.7530610675211,107.06177590040136,748.5052050251755,97.87602676709945,70.24785604234557,9.185749133301911
133,818.5093537412048,107.02990824653102,748.1435839024698,97.82874047109527,70.36576983873499,9.20116777543575
134,818.8843798558437,107.07894740589603,748.6160296588514,97.89051841624136,70.26835019699229,9.188428989654668
135,818.8964575818234,107.08052671332547,748.6518807418202,97.89520637503271,70.24457684000322,9.185320338292755
136,818.2491167385185,106.99587913935889,747.7193037629941,97.77326075764867,70.52981297552446,9.22261838171022
137,818.6554672593572,107.0490143402732,748.3116509411166,97.85071725076602,70.34381631824067,9.198297089507179
138,818.377921699913,107.01272193185322,747.8361781073859,97.7885434789755,70.54174359252715,9.224178452877723
139,818.5266855106864,107.03217458312069,748.2418491195731,97.84158982598939,70.28483639111334,9.190584757131305
140,818.43407009209,107.020064007097,748.2380305322916,97.84109049993467,70.19603955979835,9.17897350716234
141,818.4063586892141,107.01644040903592,748.0068303990026,97.81085831145765,70.39952829021149,9.205582097578272
142,818.481543044279,107.02627166458282,748.2937406660698,97.84837526764004,70.1878023782092,9.177896396942785
143,818.563188226959,107.03694775077668,748.2453745704493,97.84205082094574,70.31781365650977,9.194896929830932
144,818.6343996090068,107.04625949248354,748.319038840087,97.85168330710408,70.31536076891973,9.19457618537946
145,818.7756314729462,107.06472725142831,748.5352652553387,97.87995750248021,70.24036621760752,9.1847697489481
146,818.6247878145952,107.04500263516204,748.3155084287748,97.85122166351127,70.30927938582033,9.193780971650767
147,818.4185716966477,107.01803740613688,747.975726595532,97.8067911163592,70.44284510111572,9.21124628977769
148,818.34933615163,107.0089840288031,747.907955613633,97.7979292482067,70.44138053799702,9.211054780596399
149,818.7221279662665,107.05773102666359,748.4837980666376,97.8732275506975,70.23832989962887,9.184503475966096
150,818.5966204562609,107.04131941545994,748.1125642844622,97.8246842842551,70.48405617179867,9.21663513120484
151,818.4842034214157,107.02661954077941,748.1198472937153,97.82563662500546,70.36435612770038,9.200982915773949
152,818.9004801542006,107.08105271287633,748.6864391930595,97.89972530673262,70.21404096114111,9.181327406143708
153,818.6137748744127,107.04356256123756,748.4490908322844,97.8686891638222,70.16468404212833,9.174873397415368
154,818.419287700931,107.0181310322786,747.8600131394597,97.79166019509397,70.55927456147128,9.226470837184635
155,818.3704673007811,107.01174717982202,747.7521304199676,97.7775532364919,70.61833688081356,9.234193943330126
156,818.5162465781739,107.03080956757884,748.1015571273709,97.82324496653912,70.41468945080294,9.20756460103972
157,818.0544253766636,106.9704209103228,747.6784317694131,97.76791625461664,70.3759936072505,9.202504655706164
158,818.516307621807,107.03081754976552,748.18019675911,97.8335280409244,70.33611086269696,9.19728950884111
159,818.2701253323244,106.99862626479752,747.8998498247192,97.79686931915428,70.37027550760513,9.20175694564324
160,818.3507180265352,107.00916472550944,748.0300150353779,97.8138899805432,70.3207029911573,9.195274744966241
161,818.2550410631383,106.99665381580891,747.8741014383719,97.79350240903206,70.38093962476637,9.203151406776854
162,818.5530993827825,107.03562851348076,748.2808677714165,97.84669198237602,70.27223161136601,9.188936531104744
163,818.2466042528602,106.99555060174566,747.8284594857856,97.78753417668972,70.41814476707452,9.208016425055945
164,818.3834787242711,107.01344857939176,748.1541620233613,97.8301236871859,70.22931670090975,9.18332489220586
165,818.7126418048741,107.05649059736513,748.6126428398203,97.89007554906031,70.09999896505383,9.166415048304813
166,818.4791010918785,107.02595235003844,748.2043115455425,97.83668133827827,70.27478954633602,9.18927101176017
167,819.1223314126372,107.11006242391545,749.0420953654582,97.94623161399124,70.08023604717903,9.163830809924207
168,818.381943884674,107.01324788071864,748.0908143291687,97.82184021691636,70.29112955550534,9.19140766380228
169,818.9267742806273,107.08449098505493,748.6100121662264,97.88973155695797,70.31676211440094,9.194759428096958
170,818.6788091117836,107.05206656724175,748.3632573161482,97.85746540282967,70.31555179563543,9.194601164412077
171,818.5962636937867,107.04127276449044,748.233262473569,97.8404670191091,70.36300122021771,9.200805745381345
172,819.0659288570617,107.10268711376105,748.8620751238418,97.92269180976707,70.20385373321994,9.179995303993977
173,818.2732148428802,106.99903025533202,747.7970124925795,97.78342210542004,70.4762023503007,9.215608149911972
174,818.5183726942951,107.03108758274425,748.2589897676197,97.84383117116076,70.25938292667536,9.18725641158349
175,818.5660122442831,107.03731702488908,748.3737559047993,97.85883821912667,70.19225633948383,9.17847880576241
176,817.9510445616296,106.9569026296862,747.5866886842208,97.75591974664088,70.3643558774088,9.200982883045313
177,818.7550995436657,107.0620424555894,748.3535239819951,97.85619265273027,70.4015755616706,9.205849802859134
178,818.3516683693684,107.00928899422522,748.0120566348502,97.81154170443376,70.33961173451826,9.197747289791451
179,818.747835389614,107.06109258038263,748.4241381735799,97.86542630462647,70.32369721603413,9.195666275756167
180,818.2206332623338,106.99215458345898,747.9393483860515,97.80203422945853,70.28128487628226,9.190120354000456
181,818.5346318253751,107.0332136590068,748.3340991236339,97.85365261968289,70.20053270174117,9.179561039323914
182,818.3970824095128,107.0152274242841,748.3391398591184,97.85431175626323,70.05794255039439,9.160915668020877
183,819.0139176350186,107.09588602309836,748.8020129468581,97.91483796025116,70.21190468816053,9.181048062847196
184,818.9912355535652,107.09292006909219,748.7584858964234,97.9091462767133,70.23274965714177,9.183773792378886
185,818.4930801073355,107.02778027385496,748.086102475729,97.8212240856052,70.40697763160642,9.206556188249763
186,818.4691678309689,107.0246534571194,748.231559860697,97.84024438206941,70.23760797027194,9.184409075049984
187,818.8946834378435,107.08029472273608,748.5588711644956,97.88304425803112,70.33581227334787,9.197250464704965
188,818.5362574397644,107.03342622757202,747.8866956074064,97.79514924758075,70.64956183235802,9.23827697999127
189,818.2620464446356,106.9975698534027,747.7709615193817,97.78001562844045,70.49108492525397,9.217554224962242
190,818.276994101619,106.99952443870843,747.9010181583329,97.79702209277734,70.37597594328611,9.202502345931094
191,818.7407550243114,107.06016673775758,748.3989862084405,97.8621373837256,70.34176881587086,9.198029354031988
192,818.3176692166671,107.00484319751263,747.8346615280475,97.78834516805006,70.48300768861964,9.21649802946257
193,818.5969874558745,107.04136740505807,748.3421805072227,97.85470935744655,70.25480694865178,9.186658047611516
194,818.7225988703228,107.05779260301296,748.2609880230754,97.84409246701166,70.46161084724747,9.213700136001293
195,818.1527757664369,106.98328140256437,747.696430708459,97.7702698316232,70.45634505797784,9.213011570941177
196,818.5411605812304,107.03406737208529,748.1470173832843,97.82918943986374,70.39414319794616,9.20487793222155
197,817.9961691857536,106.96280321513166,747.7102735564437,97.77207994991066,70.28589562930995,9.190723265220996
198,818.6182879468457,107.04415269954963,748.3732393152402,97.85877066885023,70.24504863160553,9.185382030699401
199,818.9541843650713,107.08807518211955,748.6863828403475,97.89971793794011,70.26780152472384,9.188357244179443
200,818.4167549763822,107.01779984818786,748.14267862057,97.82862209463661,70.27407635581221,9.189177753551249
