rep,rate_gap_bps,burnout_orth,friction,trapped_b,share_pct,cpr_r_lag0
0,1.2328688115681583,0.4518250213945685,1.2876246187183733,655.8335154703409,85.75809264115539,-0.3449057102357299
1,3.564136593460526,-0.769262816997725,0.4112994937967284,1187.357026363563,155.26116226613937,-0.43614826778416427
2,2.6075682202278725,-1.0259602035285944,0.640821037919885,1166.7049579753823,152.56065679899362,-0.4543644433247987
3,0.7277954374310508,0.978520163058219,1.3622737446524498,-2586.1754363032155,-338.17343490552605,-0.15837654338080492
4,3.708673131517909,-1.756364465539498,-0.0184558939834306,1185.8221279954694,155.06045590798485,-0.3709550807048529
5,0.5792550469456008,-0.1580101964149824,-0.0235555637371896,889.9955262037032,116.37758209361088,-0.4280717838836693
6,2.0515486727775794,-0.1878093274501553,0.7808440947761793,1130.8375689772724,147.8705657988557,-0.47617779356577844
7,2.402149281740045,-0.0215100641378393,0.3615249073894896,1152.3821355105558,150.68777609551125,-0.501004405619996
8,0.7173318783649949,-0.1148024419306404,-0.0553519321033451,923.9039412075433,120.81151376471281,-0.452970477751919
9,1.7711353187787962,-0.2818246236297965,0.8389285226634519,1111.81099467921,145.3826131663543,-0.4630391568228452
10,0.614557611756726,-0.1060760196643791,-0.0561996181664447,889.512251901683,116.31438818633701,-0.4424694514380809
11,0.6571005635034788,-0.0828189472142652,-0.0618969887749826,899.9544539044284,117.67983125322094,-0.4520973808428339
12,2.8745358297868866,-1.1080708355001452,0.3917426246835777,1175.461977881518,153.70574210899372,-0.4390839034183942
13,0.6570808530599768,-0.1402603448268752,-0.0202625802607597,913.8982247356129,119.50314641248082,-0.43945041497819276
14,0.7016610589498478,-0.1274020503004816,-0.041473359026942,922.7683651479399,120.6630235844714,-0.4482800603675534
15,0.6709454509406342,-0.1804819021096544,0.015386062972894,927.6750663013655,121.30463356955454,-0.4331589185844622
16,2.8346645804138215,-0.3515631386925318,0.637426387498996,1170.0049721141445,152.9921731999603,-0.47859636925614757
17,0.6187386977671704,-0.1364966801544401,-0.0293458083014891,899.6065146533548,117.63433402591674,-0.4362172210658016
18,0.7287359578267699,0.681864201180405,1.1403494006775932,224.5335539351818,29.360453324212564,-0.3443503899039958
19,1.0082406734166491,1.233302373711866,1.0548160649362397,-461.2922012008325,-60.319484125255116,-0.3629206764541237
20,0.6567597840623789,-0.1761705662977714,-0.0321879087470622,915.4282668226034,119.70321775367614,-0.4370432753170084
21,2.6552102456119013,0.0294885093451759,0.6857373708734866,1146.7764852373573,149.95477013576226,-0.4660867238796279
22,1.3407148316913502,0.9888972280572178,1.0593176520361351,453.76603047745067,59.33534709824446,-0.3460747146524723
23,1.872414182157477,0.0694984274211797,0.724944921694517,1086.4079153376317,142.0608560738042,-0.4270854661419258
24,0.7187367318993146,-0.1295156008150979,-0.0108957306967225,932.9503241130678,121.99443675504362,-0.4463240877891871
25,0.6900163308668806,-0.1292343098357835,-0.0412209237522633,919.4342302729023,120.22704548828258,-0.4467719336427363
26,2.899222663022996,-0.9214281321832204,0.5096799161050634,1175.4463837142139,153.7037029847148,-0.45068256243930344
27,2.3920744889252012,-0.1639860868947909,0.3354604635079702,1156.6470401146203,151.24546348951208,-0.48562944741923897
28,2.5162266929928907,0.187738546168615,0.8418605914341533,1036.8515298727903,135.58076471615706,-0.34387301482047417
29,0.6574052121701671,0.576438065610729,1.1214753137372375,320.3863378005563,41.89435365826949,-0.34676819272520765
30,1.3888915137701214,0.0214496412092461,1.060295766050695,1021.0638005909673,133.51632988870995,-0.4235526436883022
31,0.7557557721571533,-0.2163839166318013,-0.0228446011615617,948.8653633886115,124.07551889004382,-0.4433122949060919
32,2.912958518249119,-0.7153060145954623,0.0994557160628816,1175.7544346385832,153.74398433522086,-0.43360490559428133
33,1.341992624076318,1.107628568471859,1.2175458966051047,205.17261905708943,26.828779038393137,-0.35665208351994104
34,0.7164939742493716,0.9222600390085832,1.4196419976816117,-2331.3599576776655,-304.85325698400214,-0.2004422317806345
35,0.7029225152591868,-0.1133352189408346,-0.0607132461951327,918.3892310600712,120.09039931636556,-0.4521818538224365
36,2.861461202044352,0.5540043209043314,0.7440683041612745,910.0675419352523,119.00223872368024,-0.32101302525905884
37,5.059314282225213,-2.6208700684459294,-0.1909800891387628,1190.7590048258155,155.70601172449594,-0.33378200233074906
38,-2.9894560871417064,15.70213661539543,1.2052673397669915,-4403.7897195277965,-575.8482874553727,-0.3860320650705941
39,2.660209598992093,-1.4937285736583543,0.3418542747508309,1169.1288216760943,152.87760602908307,-0.4263313332178199
40,3.293203409911604,-1.6909947858813297,0.0613464634743531,1180.5532631347837,154.3714886774639,-0.3877467744099088
41,0.6570358065611966,-0.1267557241741044,-0.0296359501298694,910.8501393294633,119.10457271279536,-0.4420756539583721
42,2.3043898320742513,-0.7687282380992073,0.5617635190666664,1156.1905985559454,151.18577828503444,-0.4620121966439353
43,0.6814497133971156,-0.0941398820828455,0.0014345048059805,919.9789710436322,120.2982768730467,-0.44526192551810967
44,0.924416078926934,1.2937946323496567,1.307183345265256,-3793.3613538884565,-496.0274623581,-0.12705603956491465
45,2.649376831155509,-0.4088853348990997,0.2236511681600603,1168.4227888139412,152.78528377019882,-0.462420083156006
46,3.3558455656760557,-0.7569659162128953,0.0953172004421146,1184.7419802603097,154.9192136455007,-0.4201570006813232
47,0.7216724992250798,-0.1568925280911165,-0.0235900331433371,934.3875520847056,122.18237153823289,-0.44516433350642953
48,0.7318618052088706,-0.1086097462117527,-0.053217660233921,928.0335877946899,121.3515145518665,-0.45508914672370876
49,0.6486471708158973,-0.1050080789004363,-0.0588975053339798,900.3799526629444,117.7354703157128,-0.447130843587452
50,0.7151012132109814,-0.1355733870636861,-0.0107998321490521,932.4793912354088,121.9328566369231,-0.4452602274866184
51,3.2633608833150505,-1.3506040987532948,-0.2522416012006858,1175.755627665703,153.7441403378158,-0.33815567093193305
52,0.664506212110502,-0.0610154466055212,-0.0369895414970809,904.2537300739543,118.24201314136629,-0.45411029676987186
53,0.6746052803704756,-0.1572818785830966,-0.0271128847248185,919.8973683011191,120.28760633641333,-0.4404288317801226
54,0.6306193514797785,-0.1146983702666307,-0.0627936958024015,894.751288805026,116.99945505393237,-0.44382805334271636
55,2.945027863831413,-0.0910727289942605,0.3788203800773986,1172.9108316346412,153.37214916044812,-0.4935985339793973
56,0.6689111423859405,-0.1494303633196052,-0.0392425756679149,915.3036713555817,119.68692540302392,-0.4418642039090927
57,0.7144898970502718,-0.1028368601842185,-0.0111316980507374,929.0186312227114,121.48032078631954,-0.44922640372459405
58,0.6855608472344177,-0.1406486897070553,-0.0246839408181755,921.9848421707788,120.560568564292,-0.44314803144390036
59,0.6636819378354617,-0.1255812056299677,-0.0359625493715427,911.7359337272073,119.22040094699022,-0.4436994761892594
60,2.014638800230016,0.1163846157535715,0.6569958253177846,1071.2034200885093,140.07268608648488,-0.3845517412801333
61,3.2039139845176257,-1.26621096611088,0.6648524418876914,1180.0518420189658,154.3059218567873,-0.43779520064469857
62,1.7955804913879547,0.1569219347208228,0.110031252244561,1063.7806291380712,139.102067203845,-0.38517822326177487
63,1.8052049549918032,-0.3456744802113768,0.6045181536393323,1123.6409120002304,146.92951664356636,-0.4674852138327255
64,0.6708115909558051,-0.163040667011259,-0.0308137498389861,918.6860620734593,120.12921352903454,-0.43980652699514355
65,0.95423241794209,0.6825622798735835,1.2412144351450374,376.53574150564265,49.23656117145686,-0.3492972427461952
66,0.6598859775444693,-0.108803190885452,-0.0445422909098765,907.1481423546602,118.62049223805053,-0.4464340203814363
67,3.4987646353775137,-2.1175360950580093,-0.2789344461428123,1174.443396904909,153.57255043809855,-0.3023607997745735
68,0.6227888762238207,-0.1010891994289031,-0.0500138378973171,892.902848981337,116.75774939250725,-0.4436646032980359
69,0.7054130089748843,-0.1552262599212803,-0.0514976482006241,924.8964423910336,120.94129519007832,-0.4464280134807697
70,0.6298800904287849,-0.1021746417159907,-0.0211844102337016,900.6906356670929,117.77609584219675,-0.44104225774930367
71,0.82063236880117,1.2198219673000303,1.4351140844929646,-5150.508474851668,-673.4907145125316,-0.04185692079505961
72,3.674031012034923,-0.6398948735934108,0.3388702623048633,1188.9752007534312,155.47275796224577,-0.4339366448938123
73,4.108940602748839,-0.8070623806742409,0.0417219722844439,1193.380588290237,156.0488151834609,-0.3949975915688454
74,2.0723187604987494,0.3453216861589784,0.9690593457819976,889.5342058305781,116.31725892566888,-0.33165265453281195
75,0.6314070112614801,-0.1427427630546945,-0.0050783884060891,908.5868941869056,118.80862628427849,-0.43434957161913224
76,1.237037480733847,0.3944311109840842,1.0351183439511988,737.2283624131306,96.40144443696354,-0.34312942439424193
77,0.6885779234024185,-0.1195792051932901,-0.0298522729876477,919.9104607212349,120.2893183272627,-0.44656319880433043
78,1.6778013264313707,-0.1113302896478895,0.8677630483464727,1094.5541015685135,143.1260675596171,-0.46086428514842304
79,0.468833456306297,0.7944698172801422,1.3740339573626317,-2863.8683398753838,-374.4851103362252,-0.11486379882922107
80,2.041206765447163,-0.5356480800966412,0.980006099166816,1130.3783222755608,147.81051378830497,-0.46287397547177617
81,0.7257898550282297,-0.1480972122036263,-0.057655690469699,929.2453106131119,121.5099618334805,-0.44985530522052813
82,0.6492518814155824,-0.1460924505391331,-0.0377088068656437,909.0473548867576,118.86883703963642,-0.4397716770632865
83,0.7013174163921747,-0.1298860062300089,-0.0442888260648061,922.4360462027195,120.61956889937471,-0.4482289932669458
84,3.3505284723184268,-0.3325941899456641,0.6991699413890241,1179.951338274884,154.29277978766086,-0.47432970545986824
85,2.7533930334155925,-1.1433179935351123,0.1979612278814723,1171.8281768818388,153.23057907535932,-0.42871208327509813
86,2.356983968369391,-0.9359099314958246,0.5303066658530325,1159.1811534777644,151.576829184362,-0.45542777724526956
87,0.6123668280791524,1.7681584751379125,1.300489903916719,-9819.864025461471,-1284.0649173214724,-0.1886070913472303
88,0.6603539855454822,-0.1352995833241256,-0.0160104168349588,915.1033453699863,119.66073037939996,-0.43989086496849256
89,0.415623954734608,3.587467938283627,1.3832291583030376,-11060.110379079511,-1446.241993031232,-0.43988546745091045
90,2.123194835160729,0.8632837385316215,1.3053386868392869,739.2828346934257,96.67009131149217,-0.3391864109900975
91,2.804728095097172,-0.5638512401828555,0.4425531190775689,1172.8395023608086,153.3628220029774,-0.4634910739283085
92,0.7361264042391482,-0.145184982159755,0.005893441862752,941.8243147848965,123.15481739461136,-0.4444111663917999
93,0.6912174113916503,-0.1182824057629746,0.0150845268608338,927.5706058619227,121.29097411508664,-0.44149168435160735
94,0.8924936810897801,0.6274023622125293,0.8651343048334837,554.639406584915,72.52575004226914,-0.3478657792244442
95,0.6363811968229731,-0.1659908208832145,-0.0271755540576145,908.9022172737855,118.84985855719327,-0.4350579316641751
96,1.7547567725896405,1.1081263755435315,1.128071953526349,548.6683200089885,71.74495890600123,-0.34452782205998167
97,2.5189638494114845,-0.219968968329684,0.346368191107094,1162.3428129904241,151.99025405971625,-0.4809229769857887
98,1.6778898113193963,-0.5166521587099382,0.5171769361396293,1118.5035469552788,146.25774459004387,-0.4580828994003391
99,4.108505667639749,-1.0393794972155743,-0.3078178874604969,1190.0849592787356,155.6178721904415,-0.34039836175532123
100,1.2205940150975003,-1.6150197803231023,0.9828261397868896,1081.8224547733787,141.46125214598487,-0.39830300519748496
101,1.90592316316934,0.4855317584656292,0.6530466666410991,865.4220983912384,113.16431188228175,-0.33045342108136216
102,0.6189041602375753,-0.1164027521771091,-0.0483944641004457,893.7740926358085,116.8716749426213,-0.44077443589963045
103,1.9260802088372584,0.052805687661264,0.7188987144198977,1099.099670066002,143.72045512158056,-0.4436219048834632
104,0.7711688725446073,-0.1313221156565753,-0.0244374026403548,946.0133954707243,123.70258990251506,-0.4527889427646771
105,0.7481082381386162,-0.129224959472292,-0.0386304116670917,937.1456929060015,122.54303150831754,-0.4524404946204717
106,0.7096106886990379,-0.0781339469349259,-0.0389007645092193,920.4372347324484,120.35820034287943,-0.45603539008007465
107,0.7040658379692983,-0.1000947353988185,-0.0578644468534613,917.8515473823353,120.0200907310932,-0.4540007758204925
108,1.824603694117644,0.0034496313317371,0.9542578513603353,1087.93197201823,142.26014475137563,-0.44790421061455343
109,3.0775608944500585,0.0125959704696368,0.4632661162913234,1169.021365385922,152.86355483122554,-0.49486042678792463
110,0.752551889173438,-0.1606746712894745,-0.008234837502936,945.7190059931646,123.6640949499187,-0.4461582529163846
111,0.6973079357165621,-0.1598979075909673,-0.0330821793448478,926.0020798609316,121.08587054088676,-0.44330434947708525
112,2.11061628250315,0.2360275113589785,0.662686845069105,1002.7669303345585,131.1237948055235,-0.3434043173057437
113,0.6705536072472665,-0.1520721578460611,-0.0201879470965954,919.2871789578227,120.20781676635221,-0.4397439386548072
114,2.295275422747075,-1.0226626436704658,0.3141856593112432,1157.1643108158692,151.313102833449,-0.4456607417774575
115,3.9803969634315,-0.7571818393818343,0.03610896894027,1192.3255978790164,155.91086254260495,-0.3989484074790283
116,3.693950569319123,-1.7247466285130326,0.1773557683074736,1187.1685264437867,155.23651364236258,-0.3909929191747725
117,0.7138210574424037,-0.1192810258587153,-0.0245400387180372,928.3894833399704,121.39805215999841,-0.4486652805050968
118,0.6516249816664315,0.800158289298669,1.4609509644031051,-1176.964907110523,-153.90226811904625,-0.25873970500296656
119,0.7071126971469408,-0.1808314038882833,-0.0158750823320186,933.5088768922315,122.06747422545428,-0.4405754718282537
120,2.6746859275556187,-0.8186044941104418,0.3411814782647401,1170.3000044078476,153.0307522084719,-0.45080373386434397
121,0.6511748629722052,-0.0866562082949858,-0.0334663653457098,903.6772072677427,118.16662587453932,-0.44748914826668257
122,0.6400106668743881,-0.0753431879166584,-0.0527409778329532,894.9835132941661,117.02982118921432,-0.4504562042072001
123,1.1333073853226936,1.0932439627705055,1.213123662171263,13.028389837665639,1.7036181230572458,-0.3454109542218885
124,2.1314188053339445,-0.2693932927139365,0.5769859419431917,1143.0547972163145,149.46811482071456,-0.47859200962190473
125,2.9196406750537243,-0.41561656162039,0.3970958258418112,1175.416053586234,153.69973695695967,-0.46630251522675065
126,4.744582269494297,-2.927933333035388,-0.9016251912627112,1161.2288938805932,151.84459578522697,-0.08593371228766622
127,3.2067673093175313,-0.1249626576995508,0.4988885452358914,1177.913491479112,154.02630689449842,-0.48970270971532276
128,0.8085579889518892,0.5174192923744524,1.160824472970471,475.4231545094722,62.16727563691807,-0.34881462275036523
129,1.4423800647388834,1.148857058458948,0.9321060201000336,434.44741578662206,56.809206684138424,-0.344074669567361
130,0.8057601806074294,1.427069450420617,1.3807851488645808,-5269.91993612462,-689.1051942801864,-0.18127459391310088
131,0.6286439753489967,-0.1251170232363305,-0.0414827900762508,899.3564355817725,117.60163318998434,-0.4401408472483664
132,0.6620657084684383,-0.1062410268796196,-0.0592680156651277,904.8696729588818,118.32255505595477,-0.4485615731162807
133,3.6067001790267126,-1.7565630448934126,-0.0272691112763668,1184.295863576571,154.86087854216981,-0.3708348062363185
134,0.718406433216712,-0.1075968561339508,-0.008895519500954,931.0067026156836,121.74028494898278,-0.44871334136741364
135,0.7086541746445473,-0.187303378925397,-0.0233555970822154,933.3526504074954,122.04704574012233,-0.44096256285569957
136,3.771164955069077,-0.9532800474958034,-0.2635398360132179,1186.8494346793484,155.19478856968755,-0.3529627192638443
137,0.5824843598769733,-0.1257278785293053,-0.0482354355434404,882.4357082779226,115.389045291608,-0.43466431683155543
138,1.284175801081272,1.4702905264437345,1.094989280501389,-841.3166528854191,-110.01223596654906,-0.23968620663182866
139,0.648809085526637,-0.1422481615688873,-0.0277885933659167,910.2282159487843,119.02324877670813,-0.43909569666580844
140,2.401576078980411,-0.0090296072094263,0.9923321294683688,1127.2552170516158,147.40213034829267,-0.45838287555843005
141,0.6610938923469502,-0.1456712608170945,0.0205701491014811,922.1177557159394,120.5779486033572,-0.43453798075137284
142,3.2420831834485546,-1.0683849141820485,-0.1310676959088547,1179.468969044963,154.22970422941168,-0.38067803081139695
143,5.219366964116755,-1.2165261243653982,-0.3367316839062328,1196.7741355828505,156.49256216533536,-0.3343148956105625
144,2.447043467021288,-1.0584826558297376,0.4306372640233526,1163.1299752525624,152.0931849600251,-0.44778862998228625
145,2.2846932208379687,0.8717295528569516,0.9515072693367258,815.6010486317995,106.64961249598181,-0.331480030791542
146,0.7449834084923305,-0.1304936331234613,-0.0599961082669058,932.8729640271287,121.98432099660768,-0.4540466205866242
147,0.6293405942637846,-0.1082235647983775,-0.0234048004505007,900.8507586422097,117.79703384034738,-0.44040823228351345
148,2.5435239895756396,0.5234495913673035,0.6246093346180458,906.2226922362509,118.49947854308498,-0.3230767013605446
149,0.6650014060001208,-0.1563263790145256,-0.015012448316779,918.8591593931061,120.15184807823648,-0.438099065976347
150,1.5218511311621703,-0.8331233684493261,0.7734726830702455,1105.7659365214818,144.59214935917936,-0.43966170434213725
151,2.15538856307974,-0.2769452382995565,0.9958676222551562,1130.633637052813,147.84389925550627,-0.4697443861495143
152,1.175509812512323,0.1765603696765104,1.3415309383043066,781.4711536600144,102.18671966452264,-0.35334300540881397
153,0.6363940678414227,-0.0762816297662433,-0.0376822984959324,896.6839354204369,117.25217176263574,-0.4480258368565594
154,4.232761077874324,-1.2454418773421796,0.2521887853786748,1193.4396293436575,156.05653550883224,-0.39611387154331024
155,0.6929954322847465,-0.0899953296366905,-0.0393350320170088,916.4994741248039,119.8432909473953,-0.45237003894682115
156,0.7282574785667588,-0.1826234747396115,0.0010616069327016,942.1605759138657,123.19878756748226,-0.44076236554715675
157,0.7029888636388472,-0.1491657640733816,-0.047975179319746,924.1961269509573,120.84972055265678,-0.44651531626122964
158,2.5764534656739144,-0.3089266651834641,0.7424501907382357,1159.387391891079,151.60379732877362,-0.48165365794883164
159,0.6543973332728625,-0.0823197630736209,-0.0707329419005867,897.2805043473932,117.33018030001287,-0.4527065611865235
160,1.1636390551317857,1.1046208803523714,1.3158215816677803,-64.51928460563508,-8.43666975815198,-0.35981866115412336
161,0.6309933945537224,-0.1511200506776899,-0.0398955012760014,903.3387632621468,118.12237026438662,-0.43720479733788914
162,0.6688344128609218,-0.1421055359768187,-0.0343852825555369,915.3672789781117,119.69524286203897,-0.4421654887508832
163,0.6728256549551405,-0.1503511670391936,-0.0181757682348672,920.1377070851169,120.31903351300184,-0.4399541771766793
164,0.9813061715076996,0.3519156347241627,1.3253825867826778,601.7281148918979,78.68316303517862,-0.34732755482304617
165,0.7255965481496509,-0.0726108883767277,-0.0035718762090525,930.2685355263283,121.643760754747,-0.45389703905768214
166,0.6639095368905701,-0.1489177139453353,-0.0415960596834975,913.281681281309,119.42252596624824,-0.44157659958742596
167,0.6971862584251584,-0.1308958379550254,-0.040456440494245,921.9275175953472,120.55307268899054,-0.44726576342237706
168,0.7840241625834864,-0.1040266551946549,-0.0514811670284501,943.0675245602771,123.31738197323467,-0.4603782815581456
169,0.6820917067360358,-0.0935963410068934,-0.0249586082680056,915.8962113363965,119.76440710740412,-0.44884772137087475
170,3.7948896757349857,-2.9009414808075795,0.684548840672541,1181.393575731995,154.48136962111695,-0.38668175619066997
171,0.6686917262245464,-0.1268601981837445,-0.0479368136349248,911.3525586544288,119.17027006128203,-0.44537107938575965
172,0.6644973806388372,-0.1414503228861774,-0.0376614822797357,913.3800019501168,119.43538257211736,-0.4420840601804234
173,0.7072540441627123,-0.0764021050218075,-0.0476498008195037,918.0210298846401,120.0422525996023,-0.4571685519856556
174,1.1808805775258937,-1.4931825635986886,0.7660636994422344,1082.1097841379246,141.49882390418568,-0.398705352100317
175,1.5881697999546704,0.6818485431480981,0.9104052177857238,756.3132061930407,98.89701650260545,-0.33912961954320586
176,0.6722857392476065,-0.1342980754687801,-0.0292047495916339,916.5125819556608,119.84500495338375,-0.44288695346793056
177,1.2883831603635978,0.9421246513130728,0.6943470975776693,592.7629079511847,77.51085477518154,-0.3406685776890321
178,0.6516596026482855,-0.1317877408127095,-0.0448740123474476,906.9963513778694,118.6006437485442,-0.4424570505097574
179,2.18854234801492,-0.1831582138631272,0.6999420139380744,1141.1848858860158,149.22360150245345,-0.48179256538015564
180,0.6852932182521073,-0.169676038510243,-0.0443551231060285,921.4267420826064,120.48759028865416,-0.4421020722517276
181,0.6430553122601594,-0.160050871693648,-0.0407609986610037,908.0062191634775,118.73269606528405,-0.4378217064901249
182,2.1187130166583605,0.1158671048296303,0.8295287688793532,1060.7960328000388,138.71179546076417,-0.37422114691712427
183,1.6720301828733026,-0.2955591310433338,0.8718349446585147,1102.4649750744145,144.1605090862978,-0.4577540725013127
184,0.7141985082607788,0.9330355000262734,1.4323491908850907,-2613.512005189824,-341.7480189299302,-0.14251645397132973
185,0.6740164587262811,-0.1727147074501051,-0.0094923874140173,924.0613913371305,120.83210225627508,-0.43696714500422096
186,0.6258192238457991,-0.0504482450702439,-0.057745139409774,885.691570314029,115.81478827596736,-0.45452624384535295
187,0.9169051347429428,1.5719195510949473,1.3482295952821466,-5227.046276659785,-683.4989494428607,-0.24373493982001865
188,0.6689442544000576,-0.1138712894006999,-0.0319938744136461,912.8122526092039,119.36114254103258,-0.4453635393153878
189,0.705479033872966,-0.1426730580403697,-0.0554052778786286,923.0468176352755,120.69943458458316,-0.44819056146413194
190,0.7259809419666837,-0.1225009825625384,-0.0139794124021965,933.9255678931379,122.12196156807332,-0.4482523474314868
191,0.7090680377644022,-0.1668205872067559,-0.0164434992050445,932.7423768283563,121.96724515521515,-0.4421111312848907
192,0.6056033444453168,-0.1128336368611619,-0.0551002435200881,887.4892368424911,116.04985472049817,-0.44019784524387234
193,0.6489290984867098,-0.1180618613737363,-0.0256524612275561,907.9845576854428,118.72986356740736,-0.44174651057012265
194,1.9079614865799837,1.070613457669973,0.7124168721491737,759.6791329372978,99.33715176673621,-0.3381592504829767
195,2.535639965237848,-0.3985732275637398,0.4179185107904129,1164.0495353468618,152.21342846374338,-0.47273065686754717
196,0.6970115173963064,-0.1404143156474955,-0.0556473240266097,920.206314194056,120.32800471478622,-0.4475732180032179
197,3.22821478199421,-0.7550536524282349,0.3685458509804111,1182.6443724633668,154.6449262851696,-0.44326643104947966
