rep,converged,fit_method,failure,gap_std,burn_std,fric_std,head_const,head_age_linear,head_age_spline_12,head_age_spline_24,head_age_spline_36,head_age_spline_60,head_age_spline_84,head_age_spline_120,head_rate_gap_bps,head_burnout_orth,head_friction,resc_rate_gap_bps,resc_burnout_orth,resc_friction
0,True,"ridge(alpha=0.0001, warm_start)",,221.4902087925809,0.12106603247680771,0.004086956027517447,-12.777321818819413,-154.0143043639064,-1004.9127603785183,-188.60509461626123,-20.343345001889727,-0.03149265111952904,9.305338111727059e-09,3.689775246628648e-08,1.2357866739337835,0.4549605884565884,1.2887220263674102,1.2328688115681583,0.4518250213945685,1.2876246187183733
1,False,,RuntimeError('non-converged fit (max |macro beta| = 32.6)'),,,,,,,,,,,,,,,,,
2,True,"ridge(alpha=0.0001, warm_start)",,219.8306687179982,0.12557578896612004,0.004079053290919639,-16.574478728070467,-193.37659239236197,-1004.139755504808,-153.6159139903394,-13.002363950113088,-0.043228089904791815,9.305338111735621e-09,3.689775246632043e-08,3.5458040339906747,-0.8034555320590527,0.4108540467449885,3.564136593460526,-0.769262816997725,0.4112994937967284
3,True,"ridge(alpha=0.0001, warm_start)",,223.40423242128884,0.11603583750549178,0.00408508454067873,-15.575657715248806,-185.03795951730663,-1004.8056172585284,-159.4201279761153,-14.195667701796365,-0.02225897322074899,9.305338111734574e-09,3.689775246631628e-08,2.6363264386905,-0.9901565055584444,0.6410734993933306,2.6075682202278725,-1.0259602035285944,0.640821037919885
4,True,"ridge(alpha=0.0001, warm_start)",,214.8928737233707,0.11958119688315774,0.0040598622641072534,-13.852049315629003,-168.98834405580004,-1005.0872119609314,-174.8782599617596,-13.791271036094189,0.1561957376886918,9.305338111736009e-09,3.689775246632197e-08,0.7077884173148992,0.9732263613483265,1.3543961202865016,0.7277954374310508,0.978520163058219,1.3622737446524498
5,True,"ridge(alpha=0.0001, warm_start)",,222.4318305746475,0.11769297906711343,0.004080547185936545,-15.990826456733132,-182.2929234380867,-1003.659807720451,-168.86084528722154,-19.777739587847865,-0.027340853696811565,9.305338111709251e-09,3.6897752466215865e-08,3.73325454889928,-1.7192791121745608,-0.01844265770221949,3.708673131517909,-1.7563644655394979,-0.01845589398343064
6,True,"ridge(alpha=0.0001, warm_start)",,221.03932985003644,0.11723566554061624,0.004086257437225447,-3.4764275327459,0.04736817478254608,-0.004416555599671819,0.005577707368654899,-0.0017036469974458237,0.002581374143099939,4.03667696509298e-08,7.019797583568151e-08,0.5794440272075665,-0.154072828383707,-0.023571609683437855,0.5792550469456008,-0.15801019641498246,-0.023555563737189637
7,True,"ridge(alpha=0.0001, warm_start)",,218.83251229631455,0.12096693393246002,0.0040889197864945465,-13.85145428761534,-161.34082479099712,-1003.850841852083,-187.8443873195494,-22.3916426700419,0.042756643833653366,9.305338111715782e-09,3.6897752466241766e-08,2.0317290033280204,-0.18895788510487319,0.7818850979696418,2.0515486727775794,-0.18780932745015533,0.7808440947761793
8,True,"ridge(alpha=0.0001, warm_start)",,223.50515054701913,0.12025749625105524,0.004079812282915833,-14.585737799640864,-168.09860571448615,-1003.4850256239711,-183.57404388920548,-24.047857278766088,-0.11353929772142114,9.305338111721571e-09,3.6897752466264715e-08,2.429739073578017,-0.021514687977502014,0.36120056370015896,2.402149281740045,-0.02151006413783931,0.36152490738948967
9,True,"ridge(alpha=0.0001, warm_start)",,220.11783245006208,0.12088207650759805,0.004076540390226869,-3.7214684662304527,0.062385811930516746,-0.004018181518859739,0.004449965378794141,-0.00087668889029521,0.0020695987111858777,-7.461303527003415e-07,-4.222058146368814e-06,0.7145744240603177,-0.11542349661862124,-0.05525792202950833,0.7173318783649949,-0.11480244193064043,-0.05535193210334517
10,True,"ridge(alpha=0.0001, warm_start)",,222.7445041008687,0.12769080543648798,0.004078549888923255,-13.949387060071636,-166.26801004961814,-1003.9471554271411,-183.2445023238499,-19.9042105218133,-0.058042330327789375,9.305338111733347e-09,3.6897752466311415e-08,1.785380757764174,-0.2993089828516621,0.8379165220083987,1.7711353187787962,-0.2818246236297965,0.8389285226634519
11,True,"ridge(alpha=0.0001, warm_start)",,217.65089413279276,0.11749461357226187,0.004078999112571026,-4.127688496627238,0.04036650921198289,-0.003779739177221411,0.005032440275088265,-0.0020868177735972114,0.0032499395557398576,1.1439416913942986e-06,-8.52793679220275e-08,0.6053341379204971,-0.10366123088752502,-0.05613800701467045,0.614557611756726,-0.10607601966437911,-0.056199618166444754
12,True,"ridge(alpha=0.0001, warm_start)",,219.69791837630916,0.11515912619666317,0.004077572433991927,-3.4496690782879345,0.0451811649647444,-0.003974553576521728,0.004647005572691926,-0.0008243281961379204,0.000966379307044847,-3.070839288954671e-08,1.1887872767167376e-07,0.6533259229188042,-0.07932484924083283,-0.061807506169380556,0.6571005635034788,-0.08281894721426526,-0.06189698877498262
13,True,"ridge(alpha=0.0001, warm_start)",,218.4817918390442,0.12233174860288554,0.004077412423679,-15.272188384923368,-178.62961191034415,-1004.5877149460023,-167.51987479015645,-18.06136389655483,-0.021045546618582583,9.305338111718735e-09,3.689775246625347e-08,2.8422029391369863,-1.127425612938748,0.3911609438440296,2.8745358297868866,-1.1080708355001452,0.39174262468357773
14,True,"ridge(alpha=0.0001, warm_start)",,219.8318969293987,0.11926138473361184,0.004089333386427913,-4.125084052270393,0.05075297900337135,-0.003925474733126357,0.004061008172618229,-0.0001282866061377008,0.0010206271540821401,0.0005184041698270206,0.0007636818889631709,0.6537047320063986,-0.13912844746639633,-0.020291646182370518,0.6570808530599768,-0.1402603448268752,-0.02026258026075972
15,True,"ridge(alpha=0.0001, warm_start)",,217.61451433575954,0.12202418922674399,0.004087640713145234,-4.036355529510184,0.06371551727482902,-0.004507553054380078,0.005392670280290955,-0.001390725869998804,0.002212224522486812,-8.699682719716709e-06,1.5990088272266006e-06,0.6910147885104034,-0.1293014922247255,-0.041515659581497444,0.7016610589498478,-0.12740205030048168,-0.04147335902694207
16,True,"ridge(alpha=0.0001, warm_start)",,221.71481937755124,0.11582476031371568,0.00407670468165108,-3.6844590132725283,0.05830434996174108,-0.004055659634046804,0.004237190444532098,-0.0003321796210113421,0.0017725515952905638,-4.020398972491336e-08,1.2908793531636945e-07,0.6732154029302452,-0.17386663885761866,0.01536055021662167,0.6709454509406342,-0.18048190210965442,0.015386062972894002
17,True,"ridge(alpha=0.0001, warm_start)",,223.96016549932412,0.11683278488816742,0.004084612507854374,-15.485073900296669,-181.94500991289604,-1003.9264749591772,-167.99584265325691,-17.218893970898343,-0.07365413404326202,9.305338111727897e-09,3.68977524662898e-08,2.873059141029956,-0.34162469031977927,0.6376038277565189,2.8346645804138215,-0.3515631386925318,0.637426387498996
18,True,"ridge(alpha=0.0001, warm_start)",,226.18256716207375,0.11807713927235515,0.004095215820768687,-3.6733304094784005,0.051813845106807484,-0.004203954146399536,0.004995778988762619,-0.001326170018511335,0.002811779615083369,1.5225102252370922e-05,4.2908882736411457e-05,0.6333423321231372,-0.1340507043836694,-0.029430177761676803,0.6187386977671704,-0.13649668015444016,-0.02934580830148914
19,True,"ridge(alpha=0.0001, warm_start)",,220.04971272607534,0.12545748439070786,0.004090019328321399,-11.7551242061565,-138.25031539500245,-1001.749743762609,-214.65910089349111,-29.705370064506848,0.059212641929845815,9.305338111696102e-09,3.6897752466163727e-08,0.7257100112207818,0.7115012280648307,1.1421767454856928,0.7287359578267699,0.681864201180405,1.1403494006775932
20,True,"ridge(alpha=0.0001, warm_start)",,217.50673400213842,0.11336022780510105,0.0040813289970150525,-13.977998153986597,-166.3986504993649,-1003.5332380186128,-185.27556039896848,-20.857909009100833,-0.034535231310962755,9.30533811172435e-09,3.6897752466275733e-08,0.9924508991789346,1.1628172516354085,1.0542615193892604,1.0082406734166491,1.233302373711866,1.0548160649362397
21,True,"ridge(alpha=0.0001, warm_start)",,220.99297158496358,0.12219962879649228,0.004088026765532305,-3.7048547539209165,0.044890708563604824,-0.0037308244073081024,0.004753386300519844,-0.0018892179025549278,0.0035453207048391933,-3.7853327348363925e-07,3.334673110779393e-07,0.6568362637822592,-0.17905416434014343,-0.0322237817004413,0.6567597840623789,-0.17617056629777145,-0.03218790874706227
22,True,"ridge(alpha=0.0001, warm_start)",,220.0996706044055,0.11916300315120511,0.004089860008413287,-15.330539488735266,-182.1407584245169,-1006.384095419258,-152.8768353762702,-11.744796021283452,0.10586989113109543,9.305338111703347e-09,3.689775246619245e-08,2.644785265976456,0.029226408364689288,0.6868094712950713,2.6552102456119013,0.029488509345175915,0.6857373708734866
23,True,"ridge(alpha=0.0001, warm_start)",,222.8242471901485,0.1155451301900624,0.004075606176324961,-12.5346406469167,-148.93422457255986,-1003.8437841205737,-197.52518595310872,-25.727378970300578,-0.018814252138851906,9.3053381117186e-09,3.6897752466252936e-08,1.3519821904624143,0.9503509097657925,1.0572761504573691,1.3407148316913502,0.9888972280572178,1.0593176520361351
24,True,"ridge(alpha=0.0001, warm_start)",,220.3648998159721,0.11653037828226952,0.004084759504529908,-13.2564890753859,-154.44013312398363,-1003.5624222171389,-194.6629707630134,-25.758611956318063,0.02258059220321135,9.30533811170797e-09,3.689775246621079e-08,1.8673101215626886,0.0673589522102726,0.7251728209856244,1.872414182157477,0.06949842742117979,0.724944921694517
25,False,,RuntimeError('non-converged fit (max |macro beta| = 9.58e+86)'),,,,,,,,,,,,,,,,,
26,True,"ridge(alpha=0.0001, warm_start)",,217.80317635821947,0.11627853984058409,0.004088060259819275,-3.941246541664169,0.0630239484332818,-0.004392343743821645,0.004920591629286806,-0.0009138635393407983,0.002358088598443716,-1.0020358381976766e-07,2.670466660198957e-09,0.7084450311220998,-0.12525724147936285,-0.010907963200277789,0.7187367318993146,-0.12951560081509794,-0.010895730696722561
27,True,"ridge(alpha=0.0001, warm_start)",,222.676482589267,0.1161340663536047,0.004093116052802187,-3.752054397721931,0.04644677309083985,-0.0036748900535426834,0.004329859890491808,-0.0009876276326553756,0.0014287424739093178,2.3581984443976502e-07,-1.5231629465200657e-06,0.6953537978367782,-0.12482990778416228,-0.0413182380247514,0.6900163308668806,-0.1292343098357835,-0.04122092375226334
28,True,"ridge(alpha=0.0001, warm_start)",,212.97653116447717,0.12011534051764404,0.004077787414631296,-15.228556675948735,-179.29456692667438,-1005.9054189555775,-159.1884462137936,-12.690934673408377,0.17188300528336717,9.30533811172226e-09,3.689775246626745e-08,2.794379773330206,-0.9205367545965252,0.5089699201124528,2.899222663022996,-0.9214281321832203,0.5096799161050634
29,True,"ridge(alpha=0.0001, warm_start)",,223.0325785390819,0.11758090849409551,0.00408718818053684,-14.305616985097643,-163.34344755775015,-1002.2852291141588,-193.33912464780033,-29.757889124215048,-0.15463573497810254,9.305338111696258e-09,3.689775246616435e-08,2.4144327524683025,-0.16037069198233717,0.335765438928138,2.3920744889252012,-0.16398608689479097,0.33546046350797026
30,True,"ridge(alpha=0.0001, warm_start)",,216.2777640715786,0.12389367728473583,0.0040837306566667885,-15.191216956946658,-179.7566911443303,-1004.7913933439711,-165.44889939578368,-14.44091998069163,0.08210933620951333,9.305338111716274e-09,3.689775246624372e-08,2.4628260877803925,0.19345670336630275,0.8419131351362796,2.5162266929928907,0.187738546168615,0.8418605914341533
31,True,"ridge(alpha=0.0001, warm_start)",,216.19179003807258,0.12430598219995015,0.00408235422729104,-11.879705463125873,-142.62041761462544,-1004.1090847838594,-201.1086494207459,-23.485487783062474,0.18819976515163234,9.30533811171576e-09,3.6897752466241673e-08,0.6431976506607038,0.5959720198123583,1.1211672902192278,0.6574052121701671,0.576438065610729,1.1214753137372377
32,True,"ridge(alpha=0.0001, warm_start)",,220.8899465434344,0.12248826400320434,0.0040938400721386705,-13.759993181066104,-166.37730376548396,-1005.2507900814617,-176.17436749342917,-16.91916513782773,0.022552636238822095,9.305338111729851e-09,3.689775246629755e-08,1.3884056854808302,0.021852226865479496,1.0629869055198302,1.3888915137701214,0.021449641209246147,1.060295766050695
33,True,"ridge(alpha=0.0001, warm_start)",,220.1134511661154,0.1195701169626104,0.004090447576983953,-5.072466392214497,0.06328562144187767,-0.004109279774861983,0.00531572965612673,-0.0021585090111694476,0.003926317526290973,4.634348755400054e-06,-3.7421723302423884e-06,0.752835629828471,-0.2151933371452853,-0.022883604125403568,0.7557557721571533,-0.21638391663180137,-0.022844601161561767
34,True,"ridge(alpha=0.0001, warm_start)",,224.03423679968415,0.1191278227280019,0.004080900461156646,-13.820495571184921,-156.49522830637443,-1001.5404358514492,-202.72439478192447,-29.354841363147223,0.03749743109829122,9.305338111693308e-09,3.689775246615265e-08,2.9533900077490145,-0.7087388999235817,0.09939299221266279,2.912958518249119,-0.7153060145954623,0.09945571606288169
35,True,"ridge(alpha=0.0001, warm_start)",,220.5365645503594,0.11683667620267113,0.004071155771726533,-13.90517910536484,-168.70203136015945,-1005.0475250773246,-175.27122506255296,-15.10464195916151,0.1255258226317009,9.305338111727915e-09,3.6897752466289875e-08,1.3393770182957485,1.0763525184460763,1.2138725089585134,1.341992624076318,1.107628568471859,1.2175458966051047
36,True,"ridge(alpha=0.0001, warm_start)",,222.24531830555304,0.13237380848457336,0.0040897658935525666,-12.765608761275839,-152.38598097565608,-1002.2536025032816,-202.73172808814937,-26.870411874228182,-0.18142796230557598,9.305338111709008e-09,3.68977524662149e-08,0.7206381878943584,1.015398796472547,1.421828784990269,0.7164939742493716,0.9222600390085832,1.4196419976816115
37,True,"ridge(alpha=0.0001, warm_start)",,221.29569471332664,0.11284569749922928,0.004088718236131216,-4.074477220786316,0.06927329344739368,-0.004881944888836668,0.005811496890742758,-0.0012334101592725766,0.0015241043595975478,-1.0471154163532794e-07,-1.0523883644738435e-07,0.7039673681465142,-0.1063729202804777,-0.06079119102632359,0.7029225152591868,-0.11333521894083463,-0.06071324619513278
38,True,"ridge(alpha=0.0001, warm_start)",,223.82145245132915,0.11950185948311494,0.004079552706226132,-15.310781628826337,-179.7622131801013,-1004.0267614872008,-169.8447087097415,-16.27547895394885,-0.0070732951743755264,9.30533811169542e-09,3.6897752466161027e-08,2.8984224202734317,0.5506415817312114,0.7433534613264556,2.861461202044352,0.5540043209043314,0.7440683041612745
39,True,"ridge(alpha=0.0001, warm_start)",,222.84195502840777,0.11026434692430037,0.0040777349654802396,-17.493896033428076,-199.92757610030114,-1003.9220465928163,-146.19989925002926,-14.460251690849773,-0.06394475416013494,9.305338111721771e-09,3.689775246626551e-08,5.102238169259083,-2.403597754340533,-0.19071159643255714,5.059314282225213,-2.6208700684459294,-0.19098008913876283
40,True,"ridge(alpha=0.0001, warm_start)",,221.73267197323895,0.11729884122035918,0.004081938209399788,-138.85547807524642,71.03150875236574,1006.3508503343567,226.39911806917968,18.65626098904836,0.0039378541348991936,3.9599066290725795e-14,-1.5771407350437028e-14,-2.9998115835740697,15.319114505581993,1.2048135113158032,-2.9894560871417064,15.70213661539543,1.2052673397669915
41,True,"ridge(alpha=0.0001, warm_start)",,219.11379855076478,0.12145185118797382,0.004075900891107,-14.607576069137895,-169.79923904367124,-1003.693683143336,-181.0460093618244,-22.37841550038919,-0.07419682064344274,9.305338111728231e-09,3.6897752466291126e-08,2.6378961440020725,-1.5088880411684686,0.3412201306505181,2.660209598992093,-1.4937285736583545,0.34185427475083097
42,True,"ridge(alpha=0.0001, warm_start)",,216.37434719408307,0.11723708474420882,0.004085280532474638,-15.70372936236755,-180.05103324105946,-1004.4514764769822,-166.52310317354687,-20.311644199250217,-0.05465255517617014,9.305338111740171e-09,3.689775246633847e-08,3.224752855696078,-1.6488777894906066,0.0613735762776639,3.293203409911604,-1.6909947858813297,0.06134646347435315
43,True,"ridge(alpha=0.0001, warm_start)",,217.7045331594148,0.11820025440496103,0.00408967902757485,-3.599362043163344,0.044012243401229376,-0.0035655795633665233,0.003970958131604667,-0.0006048983467705463,0.0014979609016844574,1.653959712135642e-07,-2.5222663290859307e-08,0.647334299773327,-0.12461409881256605,-0.029680970304884265,0.6570358065611966,-0.1267557241741044,-0.02963595012986941
44,True,"ridge(alpha=0.0001, warm_start)",,219.99517076173225,0.11974997286607324,0.004088343191367746,-14.225201900298469,-165.82349056025674,-1003.8272321479222,-184.1066007061088,-21.45347616846511,0.06237265397897801,9.305338111726441e-09,3.689775246628403e-08,2.2942524636547494,-0.7656485197355085,0.5624331269730359,2.3043898320742513,-0.7687282380992073,0.5617635190666664
45,True,"ridge(alpha=0.0001, warm_start)",,225.6949045651411,0.11441019087878562,0.0040900160888665575,-4.4989731351287885,0.06739611671985204,-0.004790198646579228,0.005611230734784978,-0.0014352706638181615,0.003502600079744081,1.9527968451189058e-08,5.739136564283417e-09,0.6960295475296266,-0.08958175142828646,0.0014368023800268891,0.6814497133971156,-0.09413988208284557,0.0014345048059805693
46,True,"ridge(alpha=0.0001, warm_start)",,221.4565957042516,0.12450559584467048,0.004084038441668192,-13.594971081167198,-164.66755533447486,-1003.7494783757714,-185.77781825521967,-19.796829122892508,-0.02885258214079252,9.305338111698656e-09,3.689775246617386e-08,0.9264632979679883,1.339785906548717,1.3073634582277815,0.9244160789269341,1.2937946323496567,1.307183345265256
47,True,"ridge(alpha=0.0001, warm_start)",,224.63320427749107,0.11476235320937984,0.004077911875488295,-14.515459715962358,-165.8400952005237,-1002.2422552892032,-191.5694895465282,-28.750293689932366,-0.26857218457492954,9.305338111691288e-09,3.689775246614464e-08,2.693331405573989,-0.39028527692183734,0.22334643357112874,2.649376831155509,-0.40888533489909973,0.22365116816006034
48,True,"ridge(alpha=0.0001, warm_start)",,225.9557470741308,0.1252532347076394,0.004074302104903916,-15.072546511560589,-174.20078262103524,-1004.6604195591711,-171.4194197993754,-20.628342544985255,-0.07176798136046718,9.305338111712409e-09,3.6897752466228386e-08,3.4316063868989573,-0.7885812823749145,0.09510306665775584,3.3558455656760557,-0.7569659162128953,0.09531720044211461
49,True,"ridge(alpha=0.0001, warm_start)",,223.6069151468731,0.1192523395205704,0.004097967567322921,-4.390863884565018,0.0565853287389724,-0.004043946970813737,0.004974170151153198,-0.001313433549464644,0.0022405445446671297,1.70704417237803e-08,-1.165375310968012e-07,0.7302936007402432,-0.155614606173712,-0.023673751399376705,0.7216724992250798,-0.15689252809111656,-0.02359003314333712
50,True,"ridge(alpha=0.0001, warm_start)",,224.96586609649074,0.12349043448262458,0.00409811960528532,-3.276308572826533,0.04212523598475435,-0.0030754670913606882,0.003309980975618422,-0.000507436047049161,0.0014650316073339476,6.012345329129924e-05,-0.0015009582536773807,0.74510558632986,-0.11155352713963324,-0.0534085048834468,0.7318618052088706,-0.10860974621175278,-0.05321766023392108
51,True,"ridge(alpha=0.0001, warm_start)",,218.15320568728384,0.1272415955508308,0.004071095638960219,-3.792088891919631,0.05193646770251707,-0.004320198983926044,0.005742940073377259,-0.002209041125488617,0.0033421064657258625,7.110931273800652e-08,1.1140391234211005e-06,0.6403866008139765,-0.11113043352599197,-0.0587189417431112,0.6486471708158973,-0.1050080789004363,-0.05889750533397986
52,True,"ridge(alpha=0.0001, warm_start)",,223.19112474497157,0.12976515341656494,0.004079919586286808,-3.944353780943863,0.05591298041953628,-0.003539543836874352,0.0032520133222019715,0.00023482287833695775,0.0012593381223444137,1.3453280081455904e-06,-2.861514465376454e-07,0.7222982199972964,-0.14632337839084353,-0.010790426823440412,0.7151012132109814,-0.13557338706368618,-0.01079983214905215
53,True,"ridge(alpha=0.0001, warm_start)",,216.42554086908783,0.1275765658616511,0.004084953688046189,-16.819879401471212,-191.0213041942728,-1003.9094130403745,-157.52926800634074,-17.632904765271974,0.017612985399498786,9.30533811171632e-09,3.68977524662439e-08,3.196286673214428,-1.433112090278641,-0.25233289278876647,3.2633608833150505,-1.3506040987532948,-0.2522416012006858
54,True,"ridge(alpha=0.0001, warm_start)",,223.20414511103888,0.12371808563331795,0.0040858801631538785,-3.5080973092034973,0.04873170384908445,-0.00400097820352015,0.004574629238233409,-0.0009227467458755425,0.00246997096866139,-0.0010009249767777546,-0.0010388187669220764,0.6712331703037202,-0.06278475078742596,-0.03701132113026905,0.664506212110502,-0.061015446605521266,-0.03698954149708098
55,True,"ridge(alpha=0.0001, warm_start)",,221.2863795775201,0.12079462513936927,0.004076911892380945,-4.550677785907821,0.055104733910730036,-0.003759174084921937,0.0042101335903945115,-0.0010867312699554233,0.003236410252984896,-2.1118397688675653e-08,1.7846239976236784e-07,0.6755796025723315,-0.15801833708789612,-0.027069302676242926,0.6746052803704756,-0.1572818785830966,-0.027112884724818515
56,True,"ridge(alpha=0.0001, warm_start)",,221.9179180182928,0.12715681072905638,0.00408949065500484,-3.521335683077363,0.04043083099474525,-0.004026266483233361,0.0056078220316371245,-0.0023052333024536006,0.0025379339596484224,-1.4858886853009824e-07,-6.677493093755343e-07,0.6333324957281166,-0.1213048214113515,-0.06288618943482906,0.6306193514797785,-0.11469837026663075,-0.06279369580240153
57,True,"ridge(alpha=0.0001, warm_start)",,224.0615823263696,0.12445651103121887,0.004092033510871247,-14.836065474037454,-171.38913585463766,-1002.7522495882799,-184.66073178944583,-22.84019761782225,0.04570545136461495,9.305338111704827e-09,3.689775246619833e-08,2.986268929992685,-0.09427296391164486,0.37961427201366693,2.945027863831413,-0.0910727289942605,0.3788203800773986
58,True,"ridge(alpha=0.0001, warm_start)",,220.28165854447974,0.12342468769176416,0.004086979533993902,-3.4497461809250343,0.040331605146708006,-0.0034019033154886265,0.004411136153093815,-0.001855350553277439,0.003487668065169799,-1.4834344817678223e-06,-7.714339232225402e-07,0.6668357531493685,-0.15339884101170126,-0.03927624695354322,0.6689111423859405,-0.14943036331960521,-0.03924257566791497
59,True,"ridge(alpha=0.0001, warm_start)",,228.4922845991178,0.11726603272273123,0.004078699085867576,-4.053340212887059,0.06477880385111247,-0.004588772269808245,0.005584464904896255,-0.0015802421522406907,0.0027694195856978574,4.223110128328251e-07,-2.582956481979852e-07,0.7388218676566503,-0.10030029951257748,-0.01111867658384236,0.7144898970502718,-0.10283686018421859,-0.011131698050737415
60,True,"ridge(alpha=0.0001, warm_start)",,215.27638150726378,0.1244586782480747,0.00407781569242188,-3.9272466122938754,0.0549763458479699,-0.004077198286048931,0.004894587027287294,-0.0013516165081097207,0.0024096954601894273,1.9804223714141328e-08,9.192212267777975e-08,0.6679047017957422,-0.14559352603923187,-0.024649726448375826,0.6855608472344177,-0.14064868970705538,-0.024683940818175584
61,True,"ridge(alpha=0.0001, warm_start)",,220.65209484726876,0.11875684668526704,0.0040772430136295544,-3.2918735845644664,0.05208688800683485,-0.004311135574162806,0.0052214281447450816,-0.0010854632358388754,0.0012288936514267333,1.4812752048614855e-07,-6.080963237420284e-08,0.6627353898184373,-0.12404078171584747,-0.035907658246060216,0.6636819378354617,-0.1255812056299677,-0.035962549371542786
62,True,"ridge(alpha=0.0001, warm_start)",,218.38631261813006,0.12435344263985319,0.004070255452170195,-13.875792736571995,-162.411696901509,-1003.1626665151972,-190.351988710273,-24.144125345106044,-0.06672773444955234,9.305338111698556e-09,3.6897752466173454e-08,1.9911075459343137,0.12037452295272713,0.6548687874226453,2.014638800230016,0.11638461575357156,0.6569958253177846
63,True,"ridge(alpha=0.0001, warm_start)",,225.80948262221028,0.12449815667592296,0.004081830309253152,-10.069576679571796,-133.32810231016407,-1012.2061671870017,-164.3958834124157,-14.998045278986398,0.002756177503028881,1.543922829033231e-05,-7.783188764095788e-05,3.2741240711587287,-1.3111433625302515,0.6645845321585176,3.2039139845176257,-1.26621096611088,0.6648524418876914
64,True,"ridge(alpha=0.0001, warm_start)",,216.99055153955092,0.11699613863449242,0.004078322660627791,-65.94479071871221,-45.1190832304762,-983.320074697932,-308.49306310356656,-69.08883669124054,-1.61120166577312,1.720650177876992e-13,-3.797405319222489e-14,1.763265908891484,0.1526990627564549,0.10989239861290578,1.7955804913879547,0.15692193472082286,0.11003125224456106
65,True,"ridge(alpha=0.0001, warm_start)",,218.3026408554309,0.12155066464482579,0.004076343481834912,-15.222135414249347,-179.4053156379061,-1003.6475137272421,-171.95205682229675,-20.887037240738895,-0.28783731835917364,9.30533811173671e-09,3.689775246632474e-08,1.7834363549783918,-0.3494667373574737,0.6034622858215125,1.8052049549918032,-0.3456744802113768,0.6045181536393323
66,True,"ridge(alpha=0.0001, warm_start)",,225.08240215164147,0.12990366932073874,0.004097161510678706,-3.789798936382638,0.04172839069755298,-0.0033259963845630796,0.0038610750967816706,-0.0009597779347409164,0.0023584077577968538,-1.8010475697855135e-07,9.97952644017714e-07,0.6833043863318405,-0.17615645055061996,-0.03091702174471282,0.6708115909558051,-0.16304066701125902,-0.030813749838986142
67,True,"ridge(alpha=0.0001, warm_start)",,224.47185320572308,0.11852252815725037,0.0040725183894107725,-13.989555209599981,-170.53743576418907,-1005.5136095523785,-170.7436164832175,-15.311079752440943,-0.013015888381092432,9.305338111716151e-09,3.689775246624323e-08,0.9693668586667558,0.6728594868918052,1.237883820162662,0.9542324179420899,0.6825622798735835,1.2412144351450374
68,True,"ridge(alpha=0.0001, warm_start)",,220.7680953223071,0.1185021375824079,0.00408667006769252,-3.670855246889172,0.04970100712216303,-0.004202293392415593,0.0052977508703909385,-0.0014795003490577897,0.0017287836888168577,-8.805694342596883e-08,4.482354050417744e-08,0.6592912616140902,-0.10723807402490218,-0.04457713386877838,0.6598859775444693,-0.10880319088545201,-0.04454229090987659
69,True,"ridge(alpha=0.0001, warm_start)",,222.711818689488,0.12263443891245959,0.004090850140678089,-16.138727826198398,-185.15301646309098,-1004.9944004764768,-157.7161980436248,-17.196078534769487,0.00156934395421052,9.30533811171732e-09,3.689775246624786e-08,3.526388053447222,-2.159854319731114,-0.27943817387556114,3.4987646353775137,-2.1175360950580093,-0.2789344461428123
70,True,"ridge(alpha=0.0001, warm_start)",,218.49440074249932,0.11925956182263193,0.004077418790575449,-3.6343979472482437,0.045972740164986564,-0.00403433646184717,0.0052485399232090795,-0.0019473911009383906,0.0033619460248656943,3.8536620937811745e-08,-8.290287997572963e-08,0.6158192605356438,-0.10027187952047098,-0.049939652600742845,0.6227888762238207,-0.10108919942890318,-0.050013837897317184
71,True,"ridge(alpha=0.0001, warm_start)",,217.21896867890428,0.12278794953143608,0.004077280214658583,-4.529875683178075,0.04967293194503455,-0.0035839261746245083,0.004179596534628531,-0.0010928868296942213,0.001975297306594967,0.0004936498193496138,-0.0005985203477288613,0.6934470754443322,-0.15852659430612298,-0.05141951436240885,0.7054130089748843,-0.15522625992128036,-0.05149764820062415
72,True,"ridge(alpha=0.0001, warm_start)",,219.77748794396638,0.12265036656533734,0.00407908004227816,-3.576003005949082,0.05068020010314998,-0.004160429239218177,0.0048632892380950634,-0.001218411103216544,0.0029560026265011935,-2.405891036859108e-07,3.96135149637674e-07,0.626488632526839,-0.1042301020607944,-0.021161605799522067,0.6298800904287849,-0.10217464171599074,-0.02118441023370161
73,True,"ridge(alpha=0.0001, warm_start)",,216.35134455395166,0.11969741501935566,0.0040764338351981936,-13.457913143522923,-164.1063336279027,-1003.9957151325998,-185.14063900668538,-18.00583069294682,0.048850338854230846,9.30533811172675e-09,3.6897752466285256e-08,0.8034897681056042,1.2144018234082548,1.4326392294443162,0.82063236880117,1.2198219673000303,1.4351140844929646
74,True,"ridge(alpha=0.0001, warm_start)",,220.52145213257498,0.1210451036236278,0.004068700634464779,-15.338019071073258,-177.42420436396418,-1004.5315950919226,-169.17413345633588,-17.489009471881467,0.12081907863546876,9.30533811171222e-09,3.689775246622764e-08,3.6666188806581927,-0.6442242172027486,0.33764413495709855,3.674031012034923,-0.6398948735934108,0.33887026230486333
75,True,"ridge(alpha=0.0001, warm_start)",,222.7042255372525,0.12417319378238748,0.004095317788074479,-16.66672242225244,-192.6018073302982,-1004.9471834680044,-149.19113371683918,-13.342423926138125,0.09823167183940017,9.305338111699439e-09,3.689775246617696e-08,4.141240280601272,-0.8335202295950396,0.04184296515372498,4.108940602748839,-0.8070623806742409,0.04172197228444395
76,True,"ridge(alpha=0.0001, warm_start)",,216.2908923041602,0.12075348912585508,0.004068555015564545,-14.267218868608598,-167.54655288889532,-1004.625317335147,-178.60759350332464,-16.614789002389127,0.32708289558977816,9.305338111696004e-09,3.689775246616334e-08,2.02846211039234,0.3468204762178987,0.9655184609794629,2.0723187604987494,0.34532168615897846,0.9690593457819975
77,True,"ridge(alpha=0.0001, warm_start)",,221.60070315938998,0.12063479088381811,0.004083935153843774,-3.352409361486267,0.054675154506992674,-0.004355847706306122,0.005339609516601338,-0.0018881777074010563,0.004497968647429887,1.9098726723889974e-07,6.636655874234266e-07,0.6332171127096518,-0.1432213832258765,-0.005078959689107194,0.6314070112614801,-0.14274276305469452,-0.005078388406089181
78,True,"ridge(alpha=0.0001, warm_start)",,222.8826989134048,0.12798583938497937,0.004074702756627492,-14.138329712072952,-170.11375993089104,-1003.5561895215152,-181.88116869475908,-19.51181150596872,-0.08567914134192989,9.30533811173561e-09,3.689775246632038e-08,1.2477607650962557,0.41986944682952976,1.0328944714960266,1.2370374807338467,0.39443111098408423,1.0351183439511988
79,True,"ridge(alpha=0.0001, warm_start)",,217.78827936934113,0.1248825002350312,0.0040714274753863655,-3.9957505387497156,0.058941830363596244,-0.004159502887105513,0.004860944020700342,-0.001134520465901138,0.0019396367903034815,0.0010319764626157612,0.00016210630911020016,0.6786716492153814,-0.12420481620205949,-0.02976419370416803,0.6885779234024185,-0.11957920519329013,-0.029852272987647713
80,True,"ridge(alpha=0.0001, warm_start)",,224.2822969317584,0.11770492209989032,0.004083016822002824,-14.498808464776559,-173.16840586836466,-1004.3482085725249,-174.63689874667867,-17.781398086411496,-0.025394875152664705,9.30533811173414e-09,3.689775246631455e-08,1.7029725103015094,-0.10899062730688357,0.8676655145799321,1.6778013264313707,-0.11133028964788953,0.8677630483464727
81,True,"ridge(alpha=0.0001, warm_start)",,219.96979466818613,0.12512128835849196,0.004085769851651438,-12.707247431740772,-154.49263037833032,-1003.7183894101179,-194.14186903561895,-23.405171938598446,-0.1302624186133381,9.305338111713192e-09,3.689775246623149e-08,0.4667171438961881,0.8267796892895923,1.3748058773401302,0.468833456306297,0.7944698172801422,1.3740339573626317
82,True,"ridge(alpha=0.0001, warm_start)",,219.176414073012,0.12516160012655603,0.004093683563155634,-14.290890165999617,-169.92001972374356,-1004.6796254332472,-175.96789383587534,-17.408952963731966,0.11407845915433458,9.305338111718797e-09,3.689775246625372e-08,2.0246638341641976,-0.5576116623425044,0.9824558941422361,2.041206765447163,-0.5356480800966412,0.9800060991668161
83,True,"ridge(alpha=0.0001, warm_start)",,221.04644488607758,0.12001550616188052,0.004080136583746451,-3.9097133689035024,0.04997364698518505,-0.0037371034800001315,0.0045547729514129965,-0.0013839745316801828,0.0023723914209253603,6.539854081850618e-08,-2.3839371051717012e-07,0.7260500119170465,-0.14783097236191686,-0.05760854329930175,0.7257898550282297,-0.14809721220362634,-0.05765569046969904
84,True,"ridge(alpha=0.0001, warm_start)",,216.23434235476122,0.12374667049555348,0.004075552217843318,-3.672018035503938,0.05108020111546308,-0.004100731346791914,0.0046519319873128285,-0.0007846719767778313,0.0015067166154171994,1.4648003607433712e-05,2.8107465517198876e-05,0.6353455545787474,-0.1503635205911618,-0.03763563672232489,0.6492518814155824,-0.1460924505391331,-0.03770880686564374
85,True,"ridge(alpha=0.0001, warm_start)",,219.6933883318347,0.1246401362958425,0.004081136531538288,-3.7267251244133353,0.04175636785362985,-0.0034869259739864033,0.004432123592890345,-0.0014598060885383346,0.0020993177323857842,-2.0403059330816357e-05,1.0898267108781033e-05,0.6972743993560817,-0.13464848380357922,-0.04426345476763512,0.7013174163921747,-0.1298860062300089,-0.044288826064806185
86,True,"ridge(alpha=0.0001, warm_start)",,219.92934562858701,0.11571175892630693,0.004086137467167736,-16.597777083966527,-197.6924747865525,-1004.289873500076,-147.26127527963413,-9.564936409601817,0.07436611640388006,9.3053381117275e-09,3.689775246628823e-08,3.3347908705488596,-0.32009091109006327,0.6996256716815382,3.3505284723184268,-0.3325941899456641,0.6991699413890241
87,True,"ridge(alpha=0.0001, warm_start)",,222.33280533948667,0.11779668273498341,0.0040890578868921,-15.68031157182233,-178.98804904736235,-1002.4351472038942,-178.85273961709024,-24.209182818833167,-0.13645992914526156,9.305338111730177e-09,3.689775246629884e-08,2.770408851106004,-1.1201631664423777,0.19823184010335232,2.7533930334155925,-1.1433179935351125,0.19796122788147233
88,True,"ridge(alpha=0.0001, warm_start)",,218.1337169272242,0.12346465222713063,0.0040822304532195704,-15.025540704464401,-174.2575845006819,-1004.8397936465834,-170.55929394660728,-18.56212203962036,0.0026013182265931805,9.305338111720114e-09,3.689775246625894e-08,2.326759721977838,-0.9610763322007103,0.5301449381416765,2.356983968369391,-0.9359099314958246,0.5303066658530325
89,True,"ridge(alpha=0.0001, warm_start)",,223.03437834378954,0.12164688004156471,0.004079482914749953,-13.732858484327053,-166.0719362899703,-1003.6874006112308,-184.763509852628,-20.64797819457487,-0.08697921937986056,9.305338111718156e-09,3.689775246625118e-08,0.6180954917069287,1.7889712071367365,1.29921826765071,0.6123668280791524,1.7681584751379125,1.300489903916719
90,True,"ridge(alpha=0.0001, warm_start)",,214.23072320715823,0.11108566569201347,0.004079807870557468,-3.824877552338454,0.06295763464635247,-0.004804949076682004,0.00565074283123431,-0.0013048726813667084,0.002803550308279298,-1.1650621957286455e-06,6.872565523106721e-07,0.6402221068494058,-0.12500738490931643,-0.015996035717917887,0.6603539855454822,-0.1352995833241256,-0.016010416834958872
91,True,"ridge(alpha=0.0001, warm_start)",,220.52497059715006,0.10615941075563996,0.004078910301152164,-12.3753444313415,-144.9558161689887,-1000.0238802894594,-217.7320179251352,-32.97063900805244,-0.10518039897638456,9.305338111700686e-09,3.6897752466181905e-08,0.4147920769799067,3.167580908178561,1.3816826524093386,0.41562395473460806,3.587467938283627,1.3832291583030376
92,True,"ridge(alpha=0.0001, warm_start)",,222.1498560306241,0.11709671419141686,0.00407893715520872,-14.531548970841818,-173.93167547667775,-1003.537099043299,-178.52945760444487,-17.33860458546091,-0.013150984844123569,9.305338111698079e-09,3.689775246617157e-08,2.134558168413651,0.8407743577664661,1.303887849894036,2.123194835160729,0.8632837385316215,1.3053386868392867
93,True,"ridge(alpha=0.0001, warm_start)",,226.16482033742636,0.11857740912959941,0.004086674247487397,-15.450000293911135,-181.59892356136254,-1004.5027169481571,-165.0620341934769,-15.558027062563706,0.04541609546021196,9.305338111730597e-09,3.689775246630051e-08,2.870700769527828,-0.5560933299182167,0.4428997567811831,2.8047280950971722,-0.5638512401828555,0.4425531190775689
94,True,"ridge(alpha=0.0001, warm_start)",,227.58684950291712,0.11961288814262543,0.0040713757891721715,-4.148584071180152,0.06832398819992301,-0.0042125900519880315,0.0040443357142145985,0.0003327783164650923,0.00055471582290553,-3.075358608071045e-07,-4.057390376696125e-06,0.7581788559502272,-0.14443779885771718,0.005875978636831272,0.7361264042391482,-0.145184982159755,0.005893441862752069
95,True,"ridge(alpha=0.0001, warm_start)",,221.51258648161175,0.11226938684563434,0.004084429438164965,-4.374316168469833,0.0582202769986072,-0.003761344613311071,0.003466339545290947,0.0004147990675049706,0.0011395662738112524,-1.1281455844350627e-05,-4.4571085702348285e-05,0.6929233340799918,-0.11044922907885733,0.01508804967066275,0.6912174113916503,-0.11828240576297464,0.015084526860833891
96,True,"ridge(alpha=0.0001, warm_start)",,220.174851064888,0.1215592090061125,0.004071828455073639,-13.79857683419332,-165.1602765814705,-1003.6700088287092,-185.40641812579133,-22.94544690487042,-0.14667972793475725,9.305338111738072e-09,3.689775246633014e-08,0.8892931973434031,0.6343299306916133,0.8626666741136236,0.8924936810897801,0.6274023622125293,0.8651343048334837
97,True,"ridge(alpha=0.0001, warm_start)",,215.4555660444146,0.12680440427679215,0.004088103357142491,-3.7104620577765535,0.0481852188897944,-0.004110490103492477,0.0049545594870632715,-0.0010882473020856884,0.0025564582738334444,4.981352319053343e-07,4.987312799750833e-07,0.6205076871196039,-0.17506510950520623,-0.02720635053261547,0.6363811968229731,-0.16599082088321454,-0.02717555405761454
98,True,"ridge(alpha=0.0001, warm_start)",,218.79092220060534,0.11589969672989824,0.004072508197987532,-15.020078377223385,-180.3969173576757,-1004.2051290261945,-168.26305369594067,-14.847681394689097,-0.016997260894960137,9.305338111731749e-09,3.6897752466305075e-08,1.7374740826961117,1.0682005090966458,1.1250421242150666,1.7547567725896405,1.1081263755435315,1.128071953526349
99,True,"ridge(alpha=0.0001, warm_start)",,221.76086560462116,0.11587301661030745,0.004079957193999232,-14.759127848418515,-171.39448170780742,-1004.3287179114025,-176.17608257054113,-20.500973192238504,0.028834021945522797,9.305338111721822e-09,3.6897752466265715e-08,2.5280109568982114,-0.21199465945843926,0.3460697369676257,2.5189638494114845,-0.21996896832968407,0.346368191107094
100,True,"ridge(alpha=0.0001, warm_start)",,221.48054757059845,0.12529608492892544,0.004099608425658455,-14.389767942027436,-167.37593328988913,-1003.4589028497257,-184.19616216663704,-25.444426459439406,-0.29846298812702693,9.305338111730834e-09,3.689775246630145e-08,1.6817875549461392,-0.5384147367994059,0.5192201529307201,1.6778898113193963,-0.5166521587099382,0.5171769361396293
101,True,"ridge(alpha=0.0001, warm_start)",,222.82455129983083,0.1171809625014006,0.004087205442707885,-17.105512839330792,-194.77234995555,-1003.8156117359197,-153.5468630869499,-16.783609086389834,-0.012347118523944763,9.305338111723406e-09,3.689775246627199e-08,4.143039177084766,-1.0130068814798072,-0.3080990335754189,4.108505667639749,-1.0393794972155743,-0.3078178874604969
102,True,"ridge(alpha=0.0001, warm_start)",,220.384551549258,0.1168995036011948,0.004081565871525568,-10.147179375344008,-124.23230782189228,-1005.9869050331981,-202.4785108195014,-33.83232062357615,-0.381316025026415,0.01464816176541663,-0.09160889767857656,1.2173753209734488,-1.5702604844319774,0.9823664531432619,1.2205940150975003,-1.6150197803231023,0.9828261397868896
103,True,"ridge(alpha=0.0001, warm_start)",,215.4744624279096,0.12415890869734823,0.004076887247018849,-13.842095168011621,-161.16665921550876,-1003.3197128373754,-190.77108527959288,-22.66355300268093,0.09041071322008107,9.3053381117108e-09,3.6897752466222006e-08,1.8585459506707074,0.5013912122244222,0.6519929988260943,1.9059231631693399,0.48553175846562924,0.6530466666410991
104,True,"ridge(alpha=0.0001, warm_start)",,221.7943438968969,0.12216355765840206,0.004093303093574509,-4.0815115701634,0.044925691485629984,-0.003920441057405724,0.004735611889393007,-0.001267073068965427,0.0021515351400534823,6.93432293312547e-08,4.4406412532127154e-08,0.6212207845610316,-0.11827313525758801,-0.04851093032713042,0.6189041602375753,-0.11640275217710917,-0.048394464100445705
105,True,"ridge(alpha=0.0001, warm_start)",,227.48635200932992,0.12054045082803452,0.004090808068667331,-14.438690842300009,-169.78565015221824,-1003.1680138782333,-183.9338992918415,-22.662747891866214,-0.02795804571588321,9.305338111720416e-09,3.6897752466260136e-08,1.9829046175073648,0.05294131238528424,0.7201895668443338,1.9260802088372584,0.052805687661264034,0.7188987144198977
106,True,"ridge(alpha=0.0001, warm_start)",,219.90875015945872,0.11863243028211644,0.004078453126730951,-4.3255008627602916,0.06964700980753602,-0.0043585790315548815,0.005094030936788311,-0.0014076753201571724,0.003054147840803649,-3.66765084824674e-06,-3.0656020529476907e-06,0.7674747757755619,-0.12957537881032327,-0.024407344697640394,0.7711688725446073,-0.13132211565657534,-0.02443740264035488
107,True,"ridge(alpha=0.0001, warm_start)",,215.41422480286036,0.12291973421651356,0.004085453079038781,-4.163683963791149,0.05772901590345132,-0.0038787009329446266,0.0048125262714744455,-0.0017496356081025883,0.0034897110333025217,-4.696216435661708e-08,-2.087412706894249e-08,0.7293079111382267,-0.1321141108303276,-0.03864911716096617,0.7481082381386162,-0.12922495947229207,-0.03863041166709171
108,True,"ridge(alpha=0.0001, warm_start)",,217.56738370746749,0.13043778651587878,0.004079737634844924,-3.8830074740906904,0.07001567418521172,-0.005148491260140203,0.006205884558224964,-0.0014962329004386114,0.0023471062298848805,9.052373801752178e-05,-2.3443262317489032e-05,0.6986924443471418,-0.08476652362932129,-0.03886515338786911,0.7096106886990379,-0.0781339469349259,-0.03890076450921931
109,True,"ridge(alpha=0.0001, warm_start)",,220.1053986349468,0.10964260681554774,0.004067234378838692,-3.945738411287615,0.05619209696051578,-0.004051880676616227,0.0049441783844711255,-0.001576220544125804,0.00299410706345585,3.473136801614912e-07,1.3469395593145267e-07,0.7013197611410076,-0.09127918997668473,-0.05763429969254903,0.7040658379692983,-0.10009473539881855,-0.05786444685346137
110,True,"ridge(alpha=0.0001, warm_start)",,219.07172665626197,0.11862797898881015,0.004077399854115482,-14.74875571417746,-172.62718490249455,-1003.6386799654441,-178.9136415634601,-20.263292287720017,-0.002589596686830385,9.305338111716444e-09,3.6897752466244387e-08,1.808951778782277,0.003403619509154854,0.9528379798453329,1.8246036941176442,0.0034496313317371958,0.9542578513603353
111,True,"ridge(alpha=0.0001, warm_start)",,219.91765450387297,0.11773708075066514,0.004080637823651302,-14.436548934811718,-168.60450995617038,-1004.6520477863188,-177.00234290450706,-20.76203958474698,0.0804825336899128,9.305338111693864e-09,3.689775246615485e-08,3.0629426049679305,0.01233462885466044,0.462944151765761,3.0775608944500585,0.012595970469636815,0.46326611629132347
112,True,"ridge(alpha=0.0001, warm_start)",,223.87674345974446,0.11640137632791714,0.004085457981902786,-3.9503673691196233,0.06470019247036543,-0.004499525887708588,0.00559685983528719,-0.0016873349767394467,0.0027935363457996746,-7.979024718698419e-05,0.00018943682761334647,0.7624608348363547,-0.15555598476270874,-0.008238834836741083,0.752551889173438,-0.16067467128947452,-0.008234837502936007
113,True,"ridge(alpha=0.0001, warm_start)",,221.61939383250402,0.12288881067787898,0.004090158516183733,-4.062465497759504,0.05856320707093995,-0.004350915306667447,0.005599005868797612,-0.001997688596629663,0.003240599157808408,4.4971900677560284e-08,-6.340842178840347e-08,0.6993659425409866,-0.16343170472758517,-0.033136319275537666,0.6973079357165621,-0.15989790759096734,-0.033082179344847806
114,True,"ridge(alpha=0.0001, warm_start)",,222.15424656507207,0.1161158615605351,0.004078956877715471,-14.417286425652673,-169.4156457284218,-1003.8833849429842,-180.51071667900237,-21.216711425226247,-0.08914004862176515,9.305338111717159e-09,3.6897752466247225e-08,2.1219542325122287,0.22794777908731537,0.6619534931710194,2.11061628250315,0.23602751135897854,0.662686845069105
115,True,"ridge(alpha=0.0001, warm_start)",,221.47978569843934,0.12300906476973097,0.004075965224466787,-3.948090275742436,0.052474454840162214,-0.003834939901062867,0.004572412516735028,-0.0013737914583322386,0.0027628912071271054,-6.177283827136116e-05,-4.3247681553197595e-05,0.6721089935135198,-0.15558510384239976,-0.020150816245874222,0.6705536072472665,-0.15207215784606118,-0.0201879470965954
116,True,"ridge(alpha=0.0001, warm_start)",,221.0333016001509,0.1335756643249369,0.004087819130214418,-15.632308497167465,-181.43822148609672,-1003.4727702475767,-170.79666867315197,-20.904495641295465,-0.14146347316436397,9.305338111703224e-09,3.689775246619197e-08,2.295961631777608,-1.1361637373576343,0.3145198390163833,2.295275422747075,-1.0226626436704658,0.3141856593112432
117,True,"ridge(alpha=0.0001, warm_start)",,222.79128739425062,0.12420414177275205,0.00407761527607527,-16.155819199353168,-185.89494949258142,-1003.6909959404034,-164.79441609354137,-18.852891283745905,-0.016949866954772796,9.30533811171251e-09,3.689775246622879e-08,4.013254471940449,-0.7821993601768488,0.03605714613527749,3.9803969634315,-0.7571818393818343,0.036108968940270075
118,True,"ridge(alpha=0.0001, warm_start)",,222.11185501774543,0.12313052586841837,0.004080221373051032,-16.641426282203742,-192.4195842855713,-1003.7532732973067,-157.00505568750498,-16.043664574993944,-0.058096350654915474,9.305338111719784e-09,3.6897752466257635e-08,3.7130853131677077,-1.7663315566191213,0.1772144206137901,3.693950569319123,-1.7247466285130326,0.17735576830747365
119,True,"ridge(alpha=0.0001, warm_start)",,218.12344947642987,0.1283321091105057,0.004072900807410073,-3.597324493402049,0.06615494492664267,-0.0043564472744816625,0.004511866726394278,-0.0002438550091284715,0.0015113077945161327,1.923082448799065e-07,-4.7457356967542185e-08,0.7046343675368867,-0.12731743672570303,-0.024476487338676047,0.7138210574424037,-0.11928102585871536,-0.024540038718037258
120,True,"ridge(alpha=0.0001, warm_start)",,221.01360772464838,0.11969083477999436,0.004083172955873008,-14.09033660320343,-170.84083588274535,-1004.3774217105682,-176.63208500107137,-19.126057374691737,-0.21015266694733747,9.30533811172982e-09,3.6897752466297425e-08,0.6517617187222491,0.7965590821039839,1.4608426184665626,0.6516249816664315,0.800158289298669,1.4609509644031051
121,True,"ridge(alpha=0.0001, warm_start)",,219.13586156486028,0.11652885643781467,0.004087619252177851,-4.095243601361281,0.05615847195169697,-0.003842758025660038,0.0045224141737592455,-0.001377777789240979,0.0032401222845998656,-2.2492652785571565e-08,7.059328067028884e-08,0.7012521410777909,-0.17526230837444703,-0.015891190613951865,0.7071126971469408,-0.18083140388828334,-0.015875082332018647
122,True,"ridge(alpha=0.0001, warm_start)",,218.28290303852265,0.11933569019219994,0.004062908184539456,-15.074909468244012,-174.7579607334723,-1004.0854697510845,-174.23801808204308,-20.36812991982383,0.019213750172088637,9.305338111725824e-09,3.689775246628158e-08,2.6421935177079554,-0.8125042902087776,0.3394630190630092,2.6746859275556187,-0.8186044941104418,0.3411814782647401
123,True,"ridge(alpha=0.0001, warm_start)",,221.791475667089,0.12022663274039627,0.004078265917382309,-2.883462427126997,0.047993816120974975,-0.004277461608219056,0.005083491052065312,-0.0010844464482052995,0.0020211691046581994,0.00014271575950381042,-0.0003229933800699146,0.6536038275092032,-0.08665259137795848,-0.03342366751677549,0.6511748629722052,-0.08665620829498581,-0.033466365345709896
124,True,"ridge(alpha=0.0001, warm_start)",,220.2532759615378,0.11480461441456687,0.004082044124613947,-3.159369366372771,0.050776693717451984,-0.004124270581417248,0.0052032759391860035,-0.001838101162965325,0.0032761334970405286,-6.510329323653967e-07,-2.831141030154133e-07,0.6379427378946559,-0.07194233433385587,-0.05272248684252408,0.6400106668743881,-0.07534318791665849,-0.05274097783295323
125,True,"ridge(alpha=0.0001, warm_start)",,224.3713831093711,0.12574981720759448,0.0040882502494315335,-13.965113682656622,-166.1293524823533,-1005.7616175881374,-173.23172228016776,-19.126652905184052,-0.24583483425017078,9.305338111633741e-09,3.689775246591645e-08,1.150766718212441,1.1434196176976381,1.2145420635969468,1.1333073853226936,1.0932439627705055,1.2131236621712633
126,True,"ridge(alpha=0.0001, warm_start)",,215.00242290259465,0.12292014727783629,0.0040882124466642055,-14.275600243191828,-163.83563835644622,-1004.7779725504063,-180.65237471559087,-21.645958547901316,0.13921856682242437,9.305338111704344e-09,3.689775246619641e-08,2.0738830222114877,-0.2754171877884035,0.5776552206601699,2.1314188053339445,-0.2693932927139365,0.5769859419431917
127,True,"ridge(alpha=0.0001, warm_start)",,223.13049655284885,0.12197670822925147,0.004087302242069038,-15.121356479601737,-172.03775574666145,-1003.2196274059653,-181.59144379854087,-21.869015412891713,0.17804131511013982,9.305338111632525e-09,3.689775246591163e-08,2.9482237899658643,-0.4216488722245407,0.3974679273612645,2.9196406750537243,-0.41561656162039007,0.3970958258418112
128,True,"ridge(alpha=0.0001, warm_start)",,227.8913457156777,0.12305741093049122,0.004085715913511091,-17.899070810915095,-200.43456754505104,-1004.1481270547223,-143.7089208663229,-16.205830405468408,-0.006380010784532573,9.305338111712998e-09,3.689775246623073e-08,4.893255844485903,-2.9967474636345837,-0.9021198067655557,4.744582269494297,-2.927933333035388,-0.9016251912627113
129,True,"ridge(alpha=0.0001, warm_start)",,218.5260704154544,0.11733624431681186,0.004070712191900651,-15.873390630222282,-186.06070629516358,-1004.3086659695088,-161.3936468667561,-13.259190366635096,0.22166968921246138,9.305338111723563e-09,3.6897752466272617e-08,3.1713400549637063,-0.12195331932936924,0.49732918405345017,3.2067673093175313,-0.12496265769955084,0.4988885452358914
130,True,"ridge(alpha=0.0001, warm_start)",,220.84305375855055,0.12306372907184902,0.004081672565331267,-13.608272301017575,-161.95010100527077,-1003.4895438165368,-189.15313484480873,-23.251216337241935,-0.07974200041432891,9.305338111719262e-09,3.689775246625556e-08,0.8081035698921415,0.5296071962404517,1.160311863326154,0.8085579889518892,0.5174192923744524,1.160824472970471
131,True,"ridge(alpha=0.0001, warm_start)",,221.19160256619068,0.11540589391413575,0.00408956727905512,-14.454539143170695,-170.35988785589626,-1003.5278468835453,-181.47024385875739,-22.287049451883014,-0.16396392514685157,9.305338111719442e-09,3.689775246625627e-08,1.4438446084695467,1.1027451977103486,0.9334964807043087,1.4423800647388834,1.148857058458948,0.9321060201000337
132,True,"ridge(alpha=0.0001, warm_start)",,219.30699311645685,0.1228812985845861,0.004082396753117199,-12.421915725017996,-150.86054107127092,-1003.5766639012767,-197.74925947744526,-23.00783428845166,0.07041754459381722,9.305338111714644e-09,3.6897752466237246e-08,0.799706066988265,1.4585189981412428,1.3804202831821701,0.8057601806074294,1.427069450420617,1.3807851488645808
133,True,"ridge(alpha=0.0001, warm_start)",,219.8268078292357,0.12585905622636195,0.004083303284253972,-3.2845697904901194,0.04590393352846549,-0.004103554366908013,0.005493785623907719,-0.0022705568944260154,0.003433256929642912,7.144264135989514e-06,-9.269959704257664e-06,0.6253994863784036,-0.13097308674144173,-0.0414810376274898,0.6286439753489967,-0.12511702323633056,-0.0414827900762508
134,True,"ridge(alpha=0.0001, warm_start)",,216.37143290049283,0.1254317558978162,0.004076900997178432,-3.2485897024634003,0.043378469609535085,-0.0038906455344973234,0.005448114291394752,-0.002502844592938506,0.003637041862312512,0.002861174524959717,3.274522546232549e-05,0.6482956752208059,-0.11083602722938557,-0.05917258837890083,0.6620657084684383,-0.10624102687961967,-0.059268015665127786
135,True,"ridge(alpha=0.0001, warm_start)",,220.99181452386006,0.1309150077307664,0.004075244660156368,-16.64010299539766,-191.72871465849735,-1004.2186754856482,-154.820949657233,-16.37109324525354,-0.05667750352684077,9.305338111729755e-09,3.689775246629717e-08,3.6071012935658433,-1.9126449864789103,-0.027214144466682327,3.6067001790267126,-1.7565630448934126,-0.02726911127636685
136,True,"ridge(alpha=0.0001, warm_start)",,222.27020965977175,0.12312213819649294,0.004089999131581517,-4.15362781395966,0.06643017384063564,-0.004530855074248191,0.005461781410967135,-0.0016513897699527947,0.0035686587953616213,-0.0006842335453936705,6.995972934944087e-05,0.7226426350742868,-0.11018359038119649,-0.008909730066125197,0.718406433216712,-0.10759685613395087,-0.008895519500954097
137,True,"ridge(alpha=0.0001, warm_start)",,218.88067530639583,0.10935400939380442,0.004085274736803163,-4.656351221105892,0.0584939560788273,-0.004103003351880471,0.004817952409678256,-0.0011129678238936303,0.0017750165050817118,-1.0475476372332284e-06,-1.3282932336069228e-06,0.7019624463347781,-0.17035759951047927,-0.023365886219141034,0.7086541746445473,-0.18730337892539708,-0.023355597082215476
138,True,"ridge(alpha=0.0001, warm_start)",,224.1244390439668,0.11518042320021847,0.004085557506351174,-17.017928630180418,-194.09043931631365,-1002.9220039803573,-159.62836781180872,-20.96454001624955,-0.18731977305494932,9.30533811172878e-09,3.68977524662933e-08,3.8250476873595964,-0.9132304042874119,-0.2636741859682887,3.7711649550690765,-0.9532800474958034,-0.26353983601321795
139,True,"ridge(alpha=0.0001, warm_start)",,221.5937494281484,0.11823036803801859,0.004066651211044473,-3.493789564506633,0.04521621671521315,-0.004312294168913675,0.005745226182004682,-0.002196903964614301,0.0030425028352222346,1.7916720787587756e-07,2.257220711500145e-07,0.5841358806225323,-0.12363510956576884,-0.048036697750492255,0.5824843598769733,-0.1257278785293053,-0.04823543554344047
140,True,"ridge(alpha=0.0001, warm_start)",,220.44175658318758,0.11203000053593731,0.004075564513017608,-14.22893973347249,-166.37856828439067,-1003.917518207543,-182.9708637776252,-22.6360742832294,-0.11265285008318027,9.305338111700513e-09,3.6897752466181216e-08,1.2811218958735338,1.369994065817497,1.0928678610094331,1.284175801081272,1.4702905264437345,1.094989280501389
141,True,"ridge(alpha=0.0001, warm_start)",,218.87773243209253,0.1210381368105371,0.004075271337824604,-3.439797638829763,0.05260308876572304,-0.004122054123465614,0.004909127445160012,-0.0013446631318461797,0.002681239556493556,1.322930755541027e-07,-6.083064113398317e-08,0.6426738255993449,-0.1432023289232944,-0.027732760972445626,0.648809085526637,-0.14224816156888734,-0.027788593365916707
142,True,"ridge(alpha=0.0001, warm_start)",,218.72001383912266,0.12156655420601059,0.004090651114057764,-13.969297535087527,-168.09431881734628,-1005.6430529535113,-172.3422991103693,-15.842726832359308,0.10299890662434341,9.305338111719473e-09,3.68977524662564e-08,2.3771521669179236,-0.00912986077021978,0.9940758163350747,2.401576078980411,-0.009029607209426308,0.9923321294683689
143,True,"ridge(alpha=0.0001, warm_start)",,219.05477384342848,0.12267188717305866,0.0040788935234953375,-3.9799025089863322,0.06140702582508303,-0.003857314637326462,0.0036429524429603573,-3.860121262425471e-06,0.0021077341037973782,9.164568788391482e-07,-2.563818001363072e-07,0.655372140773773,-0.14862782233188263,0.020547066330577308,0.6610938923469502,-0.14567126081709458,0.020570149101481184
144,True,"ridge(alpha=0.0001, warm_start)",,219.2555632333099,0.12080731674572834,0.0040837762094418535,-15.856416020599053,-182.46382006415124,-1004.4259707763588,-164.23048344244026,-18.511571158057674,-0.0008330925765027051,9.305338111724979e-09,3.689775246627823e-08,3.2169690613146162,-1.0735003104756786,-0.13107733845083874,3.2420831834485546,-1.0683849141820483,-0.13106769590885473
145,True,"ridge(alpha=0.0001, warm_start)",,224.0119190447311,0.11586701113918364,0.004093032819139498,-17.947074864081767,-205.89077948946561,-1004.9838859834713,-130.21792977342935,-8.032218619124585,0.29908029610921283,9.305338111704136e-09,3.689775246619558e-08,5.291283948572195,-1.1723638889505905,-0.3375197757605089,5.219366964116755,-1.2165261243653982,-0.3367316839062328
146,True,"ridge(alpha=0.0001, warm_start)",,217.52153455013678,0.11917425686431009,0.0040872780051003,-15.69539881418899,-181.8206309663919,-1003.2978740447471,-171.56375177791733,-19.663894432984616,-0.04735901995794971,9.305338111738613e-09,3.689775246633229e-08,2.40888491078125,-1.0491736810393157,0.4310382397958088,2.447043467021288,-1.0584826558297376,0.4306372640233526
147,True,"ridge(alpha=0.0001, warm_start)",,222.64183632499987,0.12255143305896919,0.004087071618633497,-14.7213816929421,-176.2730093064834,-1005.3575122435985,-165.79244116336625,-14.3041366170246,0.12492422690267194,9.305338111711888e-09,3.689775246622632e-08,2.3020077287264877,0.888548938712932,0.9523451476116315,2.2846932208379687,0.8717295528569516,0.9515072693367258
148,True,"ridge(alpha=0.0001, warm_start)",,220.5432195802727,0.12073039169083763,0.004088476973035114,-4.055811056124098,0.07397647001954509,-0.00453637692138061,0.005008548059937983,-0.0007728569924350055,0.0018409258405122741,-2.2827784131281763e-06,3.2753423942737967e-06,0.7435538385274665,-0.1310349421490193,-0.060069587685873484,0.7449834084923305,-0.1304936331234613,-0.05999610826690586
149,True,"ridge(alpha=0.0001, warm_start)",,216.14686844112438,0.11649493491247608,0.0040803066457643445,-3.719286331768869,0.053231905486591284,-0.004386750426079842,0.005571019929195111,-0.0019541585674511088,0.003511407563897021,4.315652319039135e-06,7.1326179572573455e-06,0.6156116113536274,-0.10486005163207439,-0.023386636213107954,0.6293405942637846,-0.10822356479837754,-0.023404800450500703
150,True,"ridge(alpha=0.0001, warm_start)",,222.16359477649289,0.11198517362924687,0.004093831183689186,-14.937631654875283,-173.09027648404955,-1003.3693300679108,-179.78697796510204,-21.79553526888558,-0.05854318519119922,9.305338111716047e-09,3.689775246624281e-08,2.5572950682172624,0.48754710479514585,0.6261932976319009,2.5435239895756396,0.5234495913673035,0.6246093346180458
151,True,"ridge(alpha=0.0001, warm_start)",,219.3809720041117,0.12158629352584918,0.004086002007914887,-3.9627900683968518,0.054158193472906735,-0.003926706368286522,0.004645590621406206,-0.0013949220507742444,0.0032721628226241757,-1.5138119323752884e-05,-6.785683881599925e-05,0.6602275290901048,-0.15808769852441726,-0.015021735672752987,0.6650014060001208,-0.15632637901452562,-0.015012448316779049
152,True,"ridge(alpha=0.0001, warm_start)",,223.5029816453688,0.1240660331597995,0.004082911124230978,-13.957699732924986,-167.14275326730032,-1004.260521772518,-180.71492328820165,-19.93062882511746,-0.14644520676586198,9.305338111747222e-09,3.689775246636643e-08,1.5393153552289782,-0.8596930221895976,0.7733657264641646,1.5218511311621703,-0.8331233684493261,0.7734726830702455
153,True,"ridge(alpha=0.0001, warm_start)",,220.05964168008174,0.12270596137135002,0.004084418002602987,-14.426979067993258,-174.6494222299828,-1005.8068896518444,-164.93057998447765,-12.822836468895161,0.12200138965195458,9.305338111724838e-09,3.689775246627767e-08,2.146535545320414,-0.2826446398702713,0.9960974062855936,2.15538856307974,-0.2769452382995565,0.9958676222551562
154,True,"ridge(alpha=0.0001, warm_start)",,216.15675964675384,0.12249624078235041,0.004079369856560191,-14.018285226723357,-171.72241983333348,-1005.712150636297,-168.6057593948172,-12.415955413405083,0.10771788983859422,9.305338111735444e-09,3.689775246631973e-08,1.1499188390094166,0.17988592327536243,1.3401820289337847,1.1755098125123227,0.17656036967651045,1.3415309383043066
155,True,"ridge(alpha=0.0001, warm_start)",,224.00513639163182,0.12300344115641501,0.004086220832239665,-3.6669715159169445,0.05709397644295915,-0.004580731734062963,0.005441665168592616,-0.0011628071243538637,0.0017940655912051268,-5.140493366499598e-06,2.3711181467968217e-06,0.6451433253514031,-0.07804020718441411,-0.03770762972100132,0.6363940678414227,-0.07628162976624338,-0.03768229849593249
156,True,"ridge(alpha=0.0001, warm_start)",,221.32063537019468,0.12272115538846859,0.004094379073685924,-16.05658677129812,-185.96229628596942,-1005.120441481412,-156.38450510223035,-12.778674949923222,0.17822512573776733,9.305338111695786e-09,3.689775246616247e-08,4.239530581090945,-1.2712298701593467,0.25286215425121844,4.232761077874324,-1.2454418773421796,0.2521887853786748
157,True,"ridge(alpha=0.0001, warm_start)",,222.0533342040842,0.12183097863040603,0.004072857892229035,-3.4390608944437053,0.057675643684869604,-0.003980229636946859,0.004503347506081526,-0.0009176742351213708,0.0019858095433721453,3.410997468424196e-07,-2.5028997576920355e-07,0.6964016311740071,-0.09119245211902699,-0.03923275262824596,0.6929954322847465,-0.08999532963669059,-0.03933503201700887
158,True,"ridge(alpha=0.0001, warm_start)",,216.97475143648458,0.13123130482545428,0.004083354689797483,-4.162052260899786,0.058028071624489204,-0.003816912513332026,0.004448604591234561,-0.0012626140143570754,0.0028345287919618457,5.187187800370202e-07,5.5932908902320355e-08,0.7150991497200269,-0.19933118003475386,0.001061575449127601,0.7282574785667588,-0.1826234747396115,0.0010616069327016666
159,True,"ridge(alpha=0.0001, warm_start)",,215.16076851017687,0.12719246227742326,0.004077372663048795,-3.9842745709400873,0.050046559742610776,-0.003923813922510676,0.005021524331833767,-0.0016240665153057262,0.0021670561580626616,1.0832944617195223e-07,2.3490255111382303e-07,0.6845160585743486,-0.1578017157203417,-0.04790347602160993,0.7029888636388472,-0.14916576407338164,-0.04797517931974604
160,True,"ridge(alpha=0.0001, warm_start)",,227.90747018079898,0.11437073838146819,0.004072220829852335,-14.545521413152155,-172.57280382371692,-1004.0102142993014,-177.05066826234923,-18.60655953112312,-0.07889305111155645,9.305338111728251e-09,3.6897752466291205e-08,2.6573757791968102,-0.29386746745501924,0.7404038339450004,2.5764534656739144,-0.3089266651834641,0.7424501907382357
161,True,"ridge(alpha=0.0001, warm_start)",,222.991225475664,0.12126075610273136,0.004088308022875562,-3.730114707090079,0.04847831962603466,-0.003980055844932798,0.005020874543668812,-0.0017105172344809277,0.003049386997793859,-3.84382991722292e-08,-8.385313230931723e-08,0.6603913925755939,-0.0830243669209826,-0.07081664459853773,0.6543973332728625,-0.0823197630736209,-0.07073294190058675
162,True,"ridge(alpha=0.0001, warm_start)",,220.55274726402556,0.12015245378197596,0.004078974521966288,-13.249171868080268,-159.83782882993287,-1003.1787977131161,-192.68827625100312,-22.313086971630263,0.047873987110720786,9.305338111708675e-09,3.689775246621358e-08,1.1614562887605597,1.103893260312135,1.3143711340817825,1.1636390551317857,1.1046208803523714,1.3158215816677805
163,True,"ridge(alpha=0.0001, warm_start)",,223.6562178504818,0.11672647331117886,0.004087417303104218,-3.261189967437502,0.04515532423945306,-0.0039402480105267396,0.0047394720360266615,-0.0011075020420635892,0.0018067160659851758,9.188040526616297e-09,5.6215161107158455e-08,0.6386720319074563,-0.14671436687248912,-0.03993400978910516,0.6309933945537224,-0.15112005067768994,-0.039895501276001416
164,True,"ridge(alpha=0.0001, warm_start)",,218.97213270493594,0.1226123275559797,0.004076542495161485,-4.464563506470166,0.05560908546234091,-0.004456045446268725,0.005895114882367642,-0.0021245158011347397,0.0027379590126131244,2.0477483848651328e-07,4.796896466874464e-08,0.6627955250444741,-0.14491933174142174,-0.034326900097554076,0.6688344128609218,-0.14210553597681871,-0.03438528255553695
165,True,"ridge(alpha=0.0001, warm_start)",,216.4505160165962,0.11710555036581949,0.004085051845123479,-3.994457664946838,0.05838727349213242,-0.003989797559453861,0.004539719103648324,-0.001220792992616466,0.003204501920420954,-1.932199524349668e-06,-1.804572009928032e-07,0.6590726310688526,-0.1464419394570907,-0.01818278333346299,0.6728256549551405,-0.15035116703919363,-0.018175768234867266
166,True,"ridge(alpha=0.0001, warm_start)",,216.93177379511496,0.11962526673598557,0.004073770721428282,-13.882772578096528,-169.51584420957678,-1005.7836708464521,-170.34553208504815,-13.206394548299707,0.03278597388573079,9.30533811172669e-09,3.689775246628501e-08,0.963384836971744,0.350140759973687,1.3222325911563348,0.9813061715076995,0.35191563472416276,1.3253825867826778
167,True,"ridge(alpha=0.0001, warm_start)",,226.99066321839777,0.11938618186614024,0.004089111548533198,-4.078569626863615,0.07059291838248517,-0.004336790302298185,0.004336611568471103,-0.00017514914212560934,0.0019897626616709532,-3.6227243010839756e-07,-1.7033226125496307e-07,0.7453758382537744,-0.07210028847907082,-0.0035768058884423893,0.7255965481496509,-0.07261088837672773,-0.0035718762090525893
168,True,"ridge(alpha=0.0001, warm_start)",,223.88042835969608,0.11573530226271957,0.004080779014199432,-3.7851148326001245,0.03936488970671953,-0.003350753800177386,0.004524391805018642,-0.002121967318004539,0.0038295535773710263,8.015006983451945e-08,-2.7666451701668922e-06,0.6726623890247457,-0.14334858154945632,-0.04156858913744964,0.6639095368905701,-0.14891771394533534,-0.041596059683497506
169,True,"ridge(alpha=0.0001, warm_start)",,224.97214782554343,0.12115393080825808,0.004094368862376581,-4.117613341508116,0.06008470478195574,-0.004197401994978788,0.005323704065598611,-0.002156054675005846,0.004270214879094106,5.851122823223678e-07,-7.699940015364771e-08,0.7098223702220247,-0.13189992115933571,-0.04056436200425429,0.6971862584251584,-0.13089583795502546,-0.04045644049424501
170,True,"ridge(alpha=0.0001, warm_start)",,219.76003710423493,0.12087794762347996,0.004079269025664535,-4.485983519215197,0.07477609082409066,-0.004721851871772048,0.005974324751331343,-0.0021125037002905833,0.003439607431588131,4.594097027036507e-05,-1.357042444260431e-05,0.7797408299544193,-0.10458584297878555,-0.05142813151998793,0.7840241625834864,-0.10402665519465493,-0.0514811670284501
171,True,"ridge(alpha=0.0001, warm_start)",,221.45372589691613,0.11785235742636198,0.004076056397109123,-4.379283851909749,0.07016506440787523,-0.005410259726272378,0.006625786856657177,-0.0015621937235464158,0.001976734337238213,-1.7956630610679752e-07,-3.0108845604352136e-07,0.6835934136854134,-0.09174414006275372,-0.024913260194997875,0.6820917067360358,-0.09359634100689343,-0.024958608268005673
172,True,"ridge(alpha=0.0001, warm_start)",,220.48369379455002,0.1175747788535301,0.004081290413545173,-11.430578231755835,-134.36530420043954,-1000.7288627881145,-221.14492237583346,-33.655656915645764,-0.1753222055878257,0.002603713934934386,-0.0015741817848198515,3.7865852580385986,-2.836836640659799,0.6841824866091438,3.7948896757349853,-2.9009414808075795,0.684548840672541
173,True,"ridge(alpha=0.0001, warm_start)",,221.17742511324658,0.11464325050429092,0.004080277156596093,-3.8181930124651724,0.055048531041276966,-0.00424365405438817,0.005047615364372478,-0.0011872883736251472,0.00228652938886342,-1.15007987106954e-08,-3.5642679210748286e-08,0.6693277892420517,-0.12096370092300159,-0.047899264161545996,0.6686917262245464,-0.12686019818374458,-0.04793681363492487
174,True,"ridge(alpha=0.0001, warm_start)",,221.84439552770263,0.11919880253317795,0.0040937644933393,-4.457303523078886,0.04758405659436231,-0.0036325822612754627,0.004657434077381783,-0.002001117356361075,0.003965021617069825,-3.9087177831127334e-08,-4.3840979802680865e-08,0.6671351815801454,-0.14023519562739858,-0.03775637393125743,0.6644973806388372,-0.14145032288617748,-0.03766148227973579
175,True,"ridge(alpha=0.0001, warm_start)",,215.83839788033058,0.12110964907743937,0.004083235154789207,-3.3563849379113453,0.05857146453641705,-0.0042529574584942425,0.005103078248972447,-0.0013813671997921356,0.00263932471193503,-2.796046411271992e-07,1.8334383664005557e-07,0.6908380619276173,-0.0769600354562393,-0.04764699284605787,0.7072540441627123,-0.07640210502180753,-0.047649800819503714
176,True,"ridge(alpha=0.0001, warm_start)",,220.96543479474522,0.12525521038013523,0.004089355728697569,-8.744145686165133,-102.70910860853938,-995.6376624361707,-255.12775796979574,-51.7288623237975,-0.6059937696881408,0.03010950039490098,-0.002426369888809096,1.1808709305957157,-1.5555712202414227,0.7671667809022509,1.1808805775258935,-1.4931825635986886,0.7660636994422344
177,True,"ridge(alpha=0.0001, warm_start)",,218.27682542210522,0.11757616519474995,0.00408992076468939,-13.703806859400931,-163.55366716333427,-1004.9492960643299,-180.1152269136741,-20.52308738280584,-0.024241751397279902,9.305338111712996e-09,3.6897752466230715e-08,1.568832838147034,0.6667889548644753,0.9118421155451122,1.5881697999546704,0.6818485431480981,0.9104052177857238
178,True,"ridge(alpha=0.0001, warm_start)",,218.8875509115881,0.11531528672157146,0.004074813136730465,-3.8689210031332353,0.05820739147214324,-0.004354786640231839,0.005044125417828274,-0.0008183761187950728,0.0013223667493702093,2.5053271869602037e-08,-8.349329864381176e-08,0.6659583521055795,-0.12880652426593497,-0.029142794855910335,0.6722857392476065,-0.13429807546878011,-0.029204749591633924
179,True,"ridge(alpha=0.0001, warm_start)",,223.88661301618313,0.12159640166195342,0.00407443367960714,-14.11712478025899,-165.66304822775712,-1003.8284188903182,-184.04130738431596,-23.288253049254088,-0.10112100984536097,9.305338111696822e-09,3.689775246616658e-08,1.3054050099246615,0.9528187171495519,0.6928095926497632,1.2883831603635978,0.9421246513130729,0.6943470975776693
180,True,"ridge(alpha=0.0001, warm_start)",,220.93982244549164,0.1215705901761497,0.004087571960268984,-3.7924169267020678,0.051401124741156,-0.004209028631242288,0.005318738780567742,-0.0017101230961270456,0.0026653763387640373,-1.4476791070619316e-07,-1.0113683947577153e-08,0.6515787450940956,-0.13325537234430834,-0.04491902584503307,0.6516596026482855,-0.13178774081270955,-0.04487401234744766
181,True,"ridge(alpha=0.0001, warm_start)",,222.7399687448593,0.12432664236514471,0.004090889456008728,-14.331317180625785,-168.79630745080817,-1003.836575231953,-181.33771324422727,-21.39661839280764,-0.11889416556331883,9.305338111723732e-09,3.6897752466273285e-08,2.2061001184436444,-0.18939643223597727,0.7012127782399029,2.18854234801492,-0.1831582138631272,0.6999420139380744
182,True,"ridge(alpha=0.0001, warm_start)",,222.48707044937174,0.12528644068277695,0.004078084664010922,-3.9116178697920683,0.05446446102377864,-0.004361264696156701,0.0055037430402423105,-0.0015754728507817435,0.0015949914468204578,-1.4684834974759286e-07,1.596380561178748e-07,0.6900067203279087,-0.17680957341927733,-0.044296564139133576,0.6852932182521073,-0.16967603851024304,-0.04435512310602856
183,True,"ridge(alpha=0.0001, warm_start)",,217.8765375132823,0.12338426578294732,0.004090384268715748,-3.4123653573457666,0.043532223507539325,-0.004008348483502283,0.005713558723436797,-0.002863840009075364,0.004535550059631896,-7.6333134602444e-09,-1.7010777904714496e-08,0.6340607997173173,-0.1642475930335954,-0.04082995864624782,0.6430553122601594,-0.16005087169364807,-0.04076099866100375
184,True,"ridge(alpha=0.0001, warm_start)",,221.68613690936502,0.11875854652019459,0.004080165111661944,-15.165571152773076,-180.9253365153625,-1004.7472429445423,-164.33857010474318,-15.572456606172839,-0.042376146141085966,9.305338111718378e-09,3.6897752466252056e-08,2.1256060582550598,0.11444747567387414,0.828856228055116,2.1187130166583605,0.11586710482963034,0.8295287688793532
185,True,"ridge(alpha=0.0001, warm_start)",,216.79542511709704,0.12291149496089268,0.00407679727381525,-14.34533161639072,-170.51053945462317,-1003.8840554058775,-179.66088300978942,-19.658806190297064,0.006588636149877447,9.305338111727363e-09,3.689775246628768e-08,1.6404626061791518,-0.3021468500835238,0.8704090600940038,1.6720301828733026,-0.29555913104333387,0.8718349446585147
186,True,"ridge(alpha=0.0001, warm_start)",,222.23920802583766,0.12606395774981227,0.004079052660118277,-13.12225462028314,-156.48803786085293,-1003.1980401631515,-195.19542624443906,-23.52580348802373,-0.0753966206858415,9.305338111711223e-09,3.689775246622368e-08,0.7183096955707787,0.9782960378956114,1.430797701666889,0.7141985082607788,0.9330355000262734,1.4323491908850907
187,True,"ridge(alpha=0.0001, warm_start)",,221.49301025006687,0.11651349045806894,0.004078863759130032,-3.9278050563015925,0.05603081301177716,-0.003953139743226967,0.004303083470348652,-0.0006983052230714387,0.0020931049067941542,1.44441970443221e-06,-3.334406502319372e-07,0.6756202161235355,-0.16737350973958948,-0.0094816663517883,0.6740164587262811,-0.1727147074501051,-0.009492387414017353
188,True,"ridge(alpha=0.0001, warm_start)",,222.37292835101914,0.11113743594677708,0.004089784242737953,-2.7804702552450555,0.04756030651387829,-0.0042807555718942115,0.005225512775453515,-0.0012790721544497267,0.0017160521379720693,-7.771726154654568e-07,4.5233061355967186e-07,0.6298003879020229,-0.04663238470101019,-0.05783434831279974,0.6258192238457991,-0.05044824507024392,-0.057745139409774035
189,True,"ridge(alpha=0.0001, warm_start)",,218.0928807246932,0.11548752271087459,0.004088935095052813,-13.481539111122139,-163.92918764707724,-1003.9918740916175,-185.2829716821664,-18.287735141722035,0.061011446267016205,9.305338111727489e-09,3.689775246628818e-08,0.9049779607412202,1.5098943852759261,1.3500320780170179,0.9169051347429429,1.5719195510949473,1.3482295952821466
190,True,"ridge(alpha=0.0001, warm_start)",,222.67158893686653,0.11459713393769282,0.00408475851075319,-3.382910953817039,0.04826069309412544,-0.0035688814407539987,0.00412080158805255,-0.0011289134547697252,0.002860217937992183,-3.7476317646125255e-06,-2.468449076960443e-05,0.6741039082580634,-0.10853484327020504,-0.03200392446919239,0.6689442544000576,-0.11387128940069997,-0.0319938744136461
191,True,"ridge(alpha=0.0001, warm_start)",,222.36833437350805,0.12060820715310429,0.004074880228562407,-3.99038518610225,0.05379909298398357,-0.0042410903347485105,0.005734879159619073,-0.0021877649702899075,0.0026546644414953574,-7.43940897392633e-07,-2.329325515326361e-06,0.7099522886000125,-0.14311989886734977,-0.055288651852741066,0.705479033872966,-0.14267305804036978,-0.05540527787862866
192,True,"ridge(alpha=0.0001, warm_start)",,217.80734140216308,0.11788710245970871,0.004076729366125511,-4.097428539112577,0.06124119004316923,-0.00412193703610597,0.004533521475720316,-0.0007872668462754858,0.0024269582137712692,-2.948428445843486e-07,-8.724819581631177e-07,0.715599194363071,-0.12011218141260833,-0.013956316621190557,0.7259809419666837,-0.12250098256253841,-0.013979412402196583
193,True,"ridge(alpha=0.0001, warm_start)",,219.424526018522,0.1172236432173512,0.004100956599983902,-3.8346125808219895,0.05654924870071934,-0.003939672817374136,0.004512688345911776,-0.0009421600767572593,0.0019894694733837833,-2.871978052755197e-08,3.4444192062538855e-09,0.7041175793607486,-0.1626469970663693,-0.01651389160480366,0.7090680377644022,-0.1668205872067559,-0.016443499205044558
194,True,"ridge(alpha=0.0001, warm_start)",,216.56630252383147,0.12503603723930937,0.0040806247661687636,-2.9672936730614685,0.04294985719274063,-0.003958177224743688,0.00470247680142717,-0.0010060754379004736,0.0011922314115492476,-5.837779370768662e-08,-4.9147601866538375e-08,0.5935417265515613,-0.11734240274425778,-0.0550617733054124,0.6056033444453168,-0.11283363686116192,-0.055100243520088125
195,True,"ridge(alpha=0.0001, warm_start)",,218.12038562957238,0.11942729502936066,0.004085476157579915,-3.702961154409314,0.05424598772159528,-0.004601528471193555,0.005846577072619798,-0.0018951075294171538,0.0031797419596060845,-4.323605419767742e-06,-1.6058358127852526e-05,0.6405685532821725,-0.11727202135675968,-0.025665027559718036,0.6489290984867098,-0.1180618613737363,-0.025652461227556107
196,True,"ridge(alpha=0.0001, warm_start)",,221.607529931702,0.11518048009296464,0.0040841800770939326,-14.538812155775783,-170.67826456137234,-1004.57155894544,-175.56519945747735,-19.984401292992676,-0.03560944605113052,9.305338111713164e-09,3.6897752466231377e-08,1.9134901280815462,1.0256348554548926,0.712539744173353,1.9079614865799837,1.070613457669973,0.7124168721491737
197,True,"ridge(alpha=0.0001, warm_start)",,218.93168409947597,0.12023662972139179,0.004087881793778268,-15.589311590351521,-181.0724444393408,-1003.5880314683575,-170.55266514401796,-20.64647969366572,-0.23016181170761318,9.305338111717725e-09,3.689775246624947e-08,2.512281585368763,-0.3985897320704963,0.4183694378933259,2.535639965237848,-0.39857322756373986,0.4179185107904129
198,True,"ridge(alpha=0.0001, warm_start)",,221.02110622957196,0.11812875482748235,0.004087383292065151,-4.240429656073766,0.05848591110605805,-0.004024844237732644,0.004643541448349723,-0.001123682141472972,0.0022908264772113027,-5.6733441080632665e-06,-3.276412090631021e-06,0.6971814313955511,-0.13795841712377227,-0.05570057325861038,0.6970115173963064,-0.14041431564749554,-0.05564732402660971
199,True,"ridge(alpha=0.0001, warm_start)",,219.96403588466907,0.11224394857317276,0.0040748492898104345,-16.543525049620897,-190.9224434698414,-1003.4626647859261,-160.6540415771924,-16.23583116341369,-0.023008326164325937,9.305338111738068e-09,3.689775246633013e-08,3.2135585001541385,-0.7048909550121508,0.36776728351229654,3.2282147819942106,-0.7550536524282349,0.36854585098041115
