beta_rate_gap,beta_burnout,beta_friction,trapped_b,share_pct,cpr_r_lag0,peak_lag,n_strata,replicate,runtime_s
0.6733519352905115,-0.13009048732147674,-0.037066025306261775,915.067027857209,119.65598142932075,-0.4443709072594436,0,297,real,
1.0393466007906973,-0.002151738445729745,-0.09975814851463799,888.9182996276066,116.23672180768581,-0.3350021250930614,0,195,0,8.7
1.0014070909279245,-0.007474498694933884,-0.09568152869777,929.0927032924146,121.49000659722411,-0.44619082928388537,0,201,1,9.2
-0.7876124638396192,-0.9696233698773983,-0.2480391923094802,1264.4968321853455,165.34811643657522,-0.13791646998384152,-2,203,2,9.4
1.031353470148031,-0.07809220329601502,-0.08818221143828407,886.5674297042818,115.92931738885672,-0.3057312418860697,0,203,3,9.3
1.0396919863386254,-0.009039299194675804,-0.09780083584431817,869.6622327243413,113.71876026647026,-0.34349580263921753,0,200,4,9.3
1.1924893042862432,0.033640070389340054,-0.11688410286521039,804.786845088319,105.23552576902182,-0.018319026757819358,-3,199,5,9.2
0.9680272837030859,0.062302813845263316,-0.10063543434187894,888.2901548899338,116.15458435460555,-0.4386520314816706,0,196,6,9.0
1.0138693311648843,-0.012824344257210917,-0.09649718306071904,900.6837170060157,117.7751911443373,-0.42833335278941825,0,193,7,9.9
0.9246571519981782,0.10054234045009919,-0.10190623488217496,902.4229438643837,118.00261590157454,-0.49851757704883437,0,203,8,9.7
-0.4238603845572828,0.1353927623875516,-0.2480394166233244,1258.949828133414,164.6227791731613,-0.0003894102217269506,1,201,9,9.2
-0.3202037956069907,1.0848412704616668,-0.24803927637075907,1243.8106697721673,162.6431527670271,0.2517719515100637,0,200,10,9.4
1.0834135814379842,-0.008260809751905629,-0.1027057826857051,823.3532034835356,107.66329965630783,-0.2534765653981493,0,198,11,9.4
1.0719116536333422,0.057122881168126395,-0.11000842223373124,804.1419225771348,105.15119442096494,-0.3539728010834966,0,201,12,9.0
1.0162653329623637,0.141255504332961,-0.11553818002244536,906.6119099018472,118.55037341783053,-0.39384058233035113,0,188,13,8.7
1.11944219502882,0.06781300957348357,-0.1159302442696922,834.6813835318321,109.14459497153854,-0.17998054592321477,-3,204,14,10.2
0.8666529742206646,0.0751027223490327,-0.09378772855065748,903.5440301762786,118.14921137363619,-0.5007052047934502,0,210,15,9.7
1.0880376529343645,0.10593307237407756,-0.11856667040314259,856.2810909119182,111.96901559480423,-0.3417371964653301,0,208,16,11.6
0.35203443361855813,-0.2701200664346,-0.2480394154905958,1241.0609490654822,162.28359382784708,0.1315187948996884,-2,201,17,9.8
1.1612994868804754,0.024418738041305066,-0.11240729259755076,787.651825312203,102.994916561494,-0.040353928212248494,-3,203,18,9.6
0.07964652514392753,0.9567205814341249,-0.24803933272305406,1258.4329933203915,164.55519682683428,-0.19437839247727023,0,205,19,9.3
-0.7405591852028993,0.6013985237893396,-0.24803933201668482,1241.4151986773518,162.32991621045818,0.06798031573584051,2,205,20,10.0
1.124204715452402,0.08721605790425249,-0.118479999831019,794.2609856186439,103.85914348566014,-0.18039960322919504,-3,199,21,9.4
0.9637452841021145,0.12260645071268239,-0.10744042283289429,915.6841003822141,119.73667105788867,-0.4756775536014234,0,203,22,9.7
1.1103295241825946,0.028643205895147905,-0.10991797786355743,839.0975071253408,109.72205606084458,-0.23449161166807747,-3,192,23,6.0
1.0555614010228302,0.08269372993297053,-0.11252900159618995,863.6862489798191,112.93732876671343,-0.3407492423628646,0,197,24,6.1
0.3183665689414679,0.3590941455251345,-0.24803940637934113,1228.6471779972717,160.6603444754101,0.1063004734343795,3,199,25,6.4
1.0770474266389911,0.12289183870775132,-0.11851709583482162,852.8431812764428,111.51946770489565,-0.23894223948798246,-3,202,26,5.9
1.0357111765305431,0.04170735623222867,-0.10534551988220658,858.2452876679391,112.2258578625366,-0.37991763030427933,0,193,27,5.9
1.1611747353493709,0.00576861121431116,-0.11098109557709826,831.7963588161889,108.76734341150092,-0.10266894805544191,-3,196,28,6.0
1.058710414570342,0.0679120954917059,-0.11116414937306106,877.3581202909045,114.7250898048683,-0.4062164114207169,0,189,29,6.3
1.08881915062372,0.06772045152093668,-0.11223002918007248,872.9266726341847,114.14562491063083,-0.25478726675452673,-3,203,30,5.9
1.112184427500185,-0.0536451479160453,-0.09818467999550573,835.6763371643174,109.27469708400399,-0.18448904816244838,-3,207,31,7.6
-0.18209647761093653,0.3622086713057956,-0.24803940988055156,1247.441620551695,163.11794310021537,0.15448301341223455,1,199,32,5.8
0.979416571411971,-0.06542360300099753,-0.08509824512797379,922.1760762341393,120.58557471011247,-0.4384618959158907,0,190,33,6.1
0.962448339505634,0.14944605524458215,-0.11098934666535654,889.4891569484523,116.3113682443975,-0.48497264091362957,0,199,34,6.0
-0.16547953718212755,0.0011469131664511854,-0.24803943608526938,1257.2829338512965,164.40481276721096,0.06509790152044512,-3,200,35,6.3
1.040501596459574,0.03273554337166413,-0.1036295735715564,862.3671108860931,112.7648356504275,-0.31220078378489885,0,205,36,6.2
1.0336001726095096,0.07702045853265238,-0.10858991824261147,851.7891747179408,111.38164371457462,-0.39541373864961393,0,199,37,5.7
1.0481767606810277,0.11823083850728844,-0.11699966652511296,835.1074345235808,109.20030624514436,-0.40215337714141824,0,201,38,6.2
-0.8174120700635823,0.08734677622440513,-0.24803936158187997,1265.116157251844,165.42910061194124,0.1853047317970324,-2,207,39,6.6
1.091833128460402,-0.009480769469914468,-0.10290200500265761,861.045318553264,112.59199546056647,-0.1630709197287882,-3,192,40,5.8
1.0645554440319924,-0.00992987420856266,-0.10125667037661666,894.0485897496794,116.90756873024542,-0.3721655832452183,0,194,41,6.2
-1.1318411136504074,0.5785845562144752,-0.24803925087125836,1272.2933475268649,166.3676042626231,-0.1313017191845502,1,201,42,6.5
1.0542996780548832,-0.02638412251756611,-0.09722449958660032,860.1352496223591,112.47299304021836,-0.29927110319023476,0,204,43,5.9
1.0252477736416812,0.12063842266402817,-0.11337406061206114,929.407106513934,121.53111858671797,-0.41541377777607896,0,202,44,6.2
1.1118579156978259,0.09734281623206731,-0.11627907245266185,872.2731204396762,114.06016512804823,-0.16746994228732584,-3,195,45,5.8
-0.10121586457132536,0.4508232744673688,-0.2480394151327541,1257.5191813317824,164.43570495682894,0.07489390737824686,3,200,46,6.3
0.42021225977010473,0.9517765214374099,-0.24803931463608034,1248.1099099987077,163.20532995519625,-0.06678885925326075,-1,197,47,6.6
0.945884097439265,-0.024694431638285955,-0.0876290894514864,880.0984652132177,115.0834227478682,-0.4847982742465507,0,192,48,6.1
0.9895319419423445,0.07212468915674636,-0.1049595798117052,902.8074600755872,118.05289600480893,-0.4493212157711566,0,197,49,5.8
