period,market_rate_pct,friction,total_balance,weighted_prepay_b,weighted_sched_b,weighted_settled_b,simulated_rolloff_b,hazard_cpr_pct
2022-06-30,5.462,0.09964591640649507,2162393263614.8347,12.772757534287345,4.92058895007856,12.772757534287345,-17.693346484365907,5.657236422147785
2022-07-31,5.4625,0.09686445458773374,2147017675652.1724,14.36470631480877,4.957079664373909,14.36470631480877,-19.32178597918268,6.343483031910721
2022-08-31,5.231111111111111,0.09443640145609229,2128696558444.2485,18.15442996458731,4.964701079800958,18.15442996458731,-23.11913104438827,8.040974587236487
2022-09-30,6.046666666666667,0.0941251929540973,2113206289680.6335,14.66730370859082,4.96686745634223,14.66730370859082,-19.63417116493305,6.523251955707926
2022-10-31,6.8525,0.09297458969734236,2100211844439.9443,11.517528300886779,4.953115687639772,11.517528300886779,-16.47064398852655,5.159953676290569
2022-11-30,6.8637500000000005,0.09463446031944225,2088474724939.3594,9.919740284163332,4.938825996906251,9.919740284163332,-14.858566281069582,4.477164636768473
2022-12-31,6.357777777777778,0.09471741975166133,2076567062342.7678,10.131456899261059,4.928779847859422,10.131456899261059,-15.06023674712048,4.602763335195957
2023-01-31,6.308750000000001,0.09367743226857606,2066072932089.4204,8.344473206190798,4.919876147132285,8.344473206190798,-13.264349353323084,3.815001456310431
2023-02-28,6.21125,0.09356372961565405,2054714335615.247,9.471573002109315,4.933697611528275,9.471573002109315,-14.405270613637589,4.337714446316217
2023-03-31,6.561999999999999,0.09641007784817755,2041889770567.5667,11.286158550231212,4.907371104070632,11.286158550231212,-16.193529654301845,5.220078882965932
2023-04-30,6.328749999999999,0.09554767944375844,2030272142597.4563,9.761018829209126,4.894232268906943,9.761018829209126,-14.655251098116068,4.547453891584887
2023-05-31,6.4255555555555555,0.09743870276914068,2019558853929.6902,8.616158363170815,4.8830766276651945,8.616158363170815,-13.499234990836008,4.0416091540440275
2023-06-30,6.714444444444443,0.09408713789289852,2008755607115.9531,8.710477025569116,4.866810513226263,8.710477025569116,-13.57728753879538,4.118204932388601
2023-07-31,6.827500000000001,0.08966379331003417,1999146555464.4138,7.193544486808359,4.849411052978469,7.193544486808359,-12.04295553978683,3.428818702628232
2023-08-31,7.034999999999999,0.09018061477779023,1989088285734.8684,7.737125291735608,4.835393921711096,7.737125291735608,-12.572519213446704,3.715499545827806
2023-09-30,7.18375,0.09020972159047644,1979292138657.8542,7.392188176278358,4.82032183693274,7.392188176278358,-12.212510013211098,3.5772604761711695
2023-10-31,7.5600000000000005,0.09136943505219332,1970281928249.7224,6.402163117768626,4.809577611270422,6.402163117768626,-11.211740729039047,3.119320275317887
2023-11-30,7.5055555555555555,0.09220906200858736,1961988286330.2566,5.499974790382021,4.800496306376303,5.499974790382021,-10.300471096758324,2.6971292803161484
2023-12-31,6.89125,0.08898290246215315,1953521638601.6123,5.701486989638587,4.792441791933757,5.701486989638587,-10.493928781572343,2.8134963204074985
2024-01-31,6.638888888888888,0.08547871774203424,1945691420412.88,4.903048263611123,4.785535933364197,4.903048263611123,-9.68858419697532,2.43412420064462
2024-02-29,6.757777777777778,0.08654894175532624,1937697395817.3828,5.094014547197297,4.779863446612565,5.094014547197297,-9.873877993809861,2.543578741420109
2024-03-31,6.83875,0.0845894748834425,1928516830948.3342,6.543774988049632,4.772327567662582,6.543774988049632,-11.316102555712213,3.2877302441387597
2024-04-30,6.944999999999999,0.08475888741867722,1920538192153.2917,5.079080276574385,4.7869572928042095,5.079080276574385,-9.866037569378596,2.5558121422595788
2024-05-31,7.074,0.08755014294569353,1913102884093.8574,4.367479463606548,4.7484489314708975,4.367479463606548,-9.115928395077447,2.2258056028593125
2024-06-30,6.938750000000001,0.0867689295304314,1905175368104.3167,4.947240541901356,4.7326641422576605,4.947240541901356,-9.679904684159018,2.5413939531093694
2024-07-31,6.847500000000001,0.08663309705477004,1897765525797.3713,4.297795929579919,4.718393669087745,4.297795929579919,-9.016189598667664,2.2247335703699447
2024-08-31,6.516666666666667,0.08529290000486482,1889400320198.2495,5.4346205644319046,4.702713497616432,5.4346205644319046,-10.137334062048337,2.8357032562504556
2024-09-30,6.21375,0.08352529542622887,1880571477600.8667,5.975522427024529,4.688235402144818,5.975522427024529,-10.663757829169347,3.1421480389493417
2024-10-31,6.364,0.08292614223148888,1872057552571.1135,5.581827791702782,4.676883101226465,5.581827791702782,-10.258710892929248,2.956002966528288
2024-11-30,6.7871428571428565,0.08231826380695836,1864671162552.007,4.2100307806054635,4.663552285863576,4.2100307806054635,-8.873583066469038,2.2463661055208783
2024-12-31,6.709999999999999,0.08312507240750681,1857664142162.3696,3.759933392324816,4.678078335153309,3.759933392324816,-8.438011727478125,2.0093352335024193
2025-01-31,6.948,0.08526840616992166,1851436959924.173,2.792047657153308,4.641558721704242,2.792047657153308,-7.433606378857551,1.5108762330941223
2025-02-28,6.86625,0.08833354274192129,1844928156593.7988,3.112463319390622,4.633360744544875,3.112463319390622,-7.745824063935498,1.6951575939955528
2025-03-31,6.66375,0.09112906551740914,1837332670910.9255,4.3871092228868305,4.624900542860011,4.3871092228868305,-9.012009765746841,2.404994733877995
2025-04-30,6.716666666666667,0.09055710812062097,1830459244939.532,3.516335550454322,4.612609650311706,3.516335550454322,-8.128945200766028,1.9418819438803956
2025-05-31,6.807777777777776,0.08874566823543324,1823861372786.3286,3.1732947106393596,4.598566181130641,3.1732947106393596,-7.771860891769999,1.7660803867462733
2025-06-30,6.831428571428572,0.08480152083100213,1816928618164.2217,3.546294691743418,4.582430577384685,3.546294691743418,-8.128725269128106,1.9899750245462706
2025-07-31,6.724999999999999,0.08382380512308932,1810279029217.123,3.1954962931382496,4.56573161127474,3.1954962931382496,-7.761227904412989,1.808198321930925
2025-08-31,6.6075,0.0856705881051138,1802997314510.7944,3.9097458913949787,4.548798010516522,3.9097458913949787,-8.458543901911503,2.2311168148661262
2025-09-30,6.385000000000001,0.08717990436741915,1795327432180.4849,4.367502554334087,4.5624785978498315,4.367502554334087,-8.92998115218392,2.4966490165137465
2025-10-31,6.267,0.08724289204961484,1787443511349.7769,4.569686416797924,4.5202568002313335,4.569686416797924,-9.089943217029257,2.649140926749661
2025-11-30,6.225714285714285,0.08789321900384164,1779931012400.8171,4.125439156833531,4.505969923258764,4.125439156833531,-8.631409080092295,2.410581564276665
